0,/content/drive/My Drive/Colab Notebooks/FinCap_ImgScraping/Guns_Colab001ceee02f.jpg
1,/content/drive/My Drive/Colab Notebooks/FinCap_ImgScraping/Guns_Colab002a1f7d5c.jpg
2,/content/drive/My Drive/Colab Notebooks/FinCap_ImgScraping/Guns_Colab00888bf0e1.jpg
3,/content/drive/My Drive/Colab Notebooks/FinCap_ImgScraping/Guns_Colab01182b155c.jpg
4,/content/drive/My Drive/Colab Notebooks/FinCap_ImgScraping/Guns_Colab019700804e.jpg
5,/content/drive/My Drive/Colab Notebooks/FinCap_ImgScraping/Guns_Colab019a157413.jpg
6,/content/drive/My Drive/Colab Notebooks/FinCap_ImgScraping/Guns_Colab01fb45d8b6.jpg
7,/content/drive/My Drive/Colab Notebooks/FinCap_ImgScraping/Guns_Colab0296d0eb96.jpg
8,/content/drive/My Drive/Colab Notebooks/FinCap_ImgScraping/Guns_Colab02e2ded297.jpg
9,/content/drive/My Drive/Colab Notebooks/FinCap_ImgScraping/Guns_Colab03155bb6c8.jpg
10,/content/drive/My Drive/Colab Notebooks/FinCap_ImgScraping/Guns_Colab0352baa17f.jpg
11,/content/drive/My Drive/Colab Notebooks/FinCap_ImgScraping/Guns_Colab036d632eee.jpg
12,/content/drive/My Drive/Colab Notebooks/FinCap_ImgScraping/Guns_Colab0399be12f6.jpg
13,/content/drive/My Drive/Colab Notebooks/FinCap_ImgScraping/Guns_Colab03c42b37b1.jpg
14,/content/drive/My Drive/Colab Notebooks/FinCap_ImgScraping/Guns_Colab040b8adce2.jpg
15,/content/drive/My Drive/Colab Notebooks/FinCap_ImgScraping/Guns_Colab043df763d7.jpg
16,/content/drive/My Drive/Colab Notebooks/FinCap_ImgScraping/Guns_Colab0456393361.jpg
17,/content/drive/My Drive/Colab Notebooks/FinCap_ImgScraping/Guns_Colab04c9f9cf00.jpg
18,/content/drive/My Drive/Colab Notebooks/FinCap_ImgScraping/Guns_Colab058fae3606.jpg
19,/content/drive/My Drive/Colab Notebooks/FinCap_ImgScraping/Guns_Colab0594622bc7.jpg
20,/content/drive/My Drive/Colab Notebooks/FinCap_ImgScraping/Guns_Colab05f2555570.jpg
21,/content/drive/My Drive/Colab Notebooks/FinCap_ImgScraping/Guns_Colab0638477bf1.jpg
22,/content/drive/My Drive/Colab Notebooks/FinCap_ImgScraping/Guns_Colab0669280657.jpg
23,/content/drive/My Drive/Colab Notebooks/FinCap_ImgScraping/Guns_Colab067cab693d.jpg
24,/content/drive/My Drive/Colab Notebooks/FinCap_ImgScraping/Guns_Colab0699d8c658.jpg
25,/content/drive/My Drive/Colab Notebooks/FinCap_ImgScraping/Guns_Colab06f5cbe956.jpg
26,/content/drive/My Drive/Colab Notebooks/FinCap_ImgScraping/Guns_Colab06fcc9ca63.jpg
27,/content/drive/My Drive/Colab Notebooks/FinCap_ImgScraping/Guns_Colab074cd9f456.jpg
28,/content/drive/My Drive/Colab Notebooks/FinCap_ImgScraping/Guns_Colab07788fa2f4.jpg
29,/content/drive/My Drive/Colab Notebooks/FinCap_ImgScraping/Guns_Colab07ccce9c7e.jpg
30,/content/drive/My Drive/Colab Notebooks/FinCap_ImgScraping/Guns_Colab07f67e17df.jpg
31,/content/drive/My Drive/Colab Notebooks/FinCap_ImgScraping/Guns_Colab07faac5a02.jpg
32,/content/drive/My Drive/Colab Notebooks/FinCap_ImgScraping/Guns_Colab081231c939.jpg
33,/content/drive/My Drive/Colab Notebooks/FinCap_ImgScraping/Guns_Colab08b013c10e.jpg
34,/content/drive/My Drive/Colab Notebooks/FinCap_ImgScraping/Guns_Colab08f8d8fce3.jpg
35,/content/drive/My Drive/Colab Notebooks/FinCap_ImgScraping/Guns_Colab090454feb6.jpg
36,/content/drive/My Drive/Colab Notebooks/FinCap_ImgScraping/Guns_Colab098d24bad9.jpg
37,/content/drive/My Drive/Colab Notebooks/FinCap_ImgScraping/Guns_Colab09c244a30f.jpg
38,/content/drive/My Drive/Colab Notebooks/FinCap_ImgScraping/Guns_Colab09cee5f708.jpg
39,/content/drive/My Drive/Colab Notebooks/FinCap_ImgScraping/Guns_Colab0b03562c8f.jpg
40,/content/drive/My Drive/Colab Notebooks/FinCap_ImgScraping/Guns_Colab0b2bd9ba1e.jpg
41,/content/drive/My Drive/Colab Notebooks/FinCap_ImgScraping/Guns_Colab0b94f1c6ef.jpg
42,/content/drive/My Drive/Colab Notebooks/FinCap_ImgScraping/Guns_Colab0bfb9118e2.jpg
43,/content/drive/My Drive/Colab Notebooks/FinCap_ImgScraping/Guns_Colab0bfd146f6e.jpg
44,/content/drive/My Drive/Colab Notebooks/FinCap_ImgScraping/Guns_Colab0c5eca8239.jpg
45,/content/drive/My Drive/Colab Notebooks/FinCap_ImgScraping/Guns_Colab0ca10d9639.jpg
46,/content/drive/My Drive/Colab Notebooks/FinCap_ImgScraping/Guns_Colab0ceec316a3.jpg
47,/content/drive/My Drive/Colab Notebooks/FinCap_ImgScraping/Guns_Colab0d362dc4f6.jpg
48,/content/drive/My Drive/Colab Notebooks/FinCap_ImgScraping/Guns_Colab0d9f2fa2cc.jpg
49,/content/drive/My Drive/Colab Notebooks/FinCap_ImgScraping/Guns_Colab0dacbae2f6.jpg
50,/content/drive/My Drive/Colab Notebooks/FinCap_ImgScraping/Guns_Colab0dffd77e48.jpg
51,/content/drive/My Drive/Colab Notebooks/FinCap_ImgScraping/Guns_Colab0e1030dec5.jpg
52,/content/drive/My Drive/Colab Notebooks/FinCap_ImgScraping/Guns_Colab0e27e16468.jpg
53,/content/drive/My Drive/Colab Notebooks/FinCap_ImgScraping/Guns_Colab0e40fd7cc0.jpg
54,/content/drive/My Drive/Colab Notebooks/FinCap_ImgScraping/Guns_Colab0e76b8686f.jpg
55,/content/drive/My Drive/Colab Notebooks/FinCap_ImgScraping/Guns_Colab0e9ee14f75.jpg
56,/content/drive/My Drive/Colab Notebooks/FinCap_ImgScraping/Guns_Colab0ef04fc6f5.jpg
57,/content/drive/My Drive/Colab Notebooks/FinCap_ImgScraping/Guns_Colab0f47f268e3.jpg
58,/content/drive/My Drive/Colab Notebooks/FinCap_ImgScraping/Guns_Colab0f763e91b0.jpg
59,/content/drive/My Drive/Colab Notebooks/FinCap_ImgScraping/Guns_Colab10865f4264.jpg
60,/content/drive/My Drive/Colab Notebooks/FinCap_ImgScraping/Guns_Colab10b5791262.jpg
61,/content/drive/My Drive/Colab Notebooks/FinCap_ImgScraping/Guns_Colab10e1e250b4.jpg
62,/content/drive/My Drive/Colab Notebooks/FinCap_ImgScraping/Guns_Colab1110c8266a.jpg
63,/content/drive/My Drive/Colab Notebooks/FinCap_ImgScraping/Guns_Colab111651a608.jpg
64,/content/drive/My Drive/Colab Notebooks/FinCap_ImgScraping/Guns_Colab114b92ff8b.jpg
65,/content/drive/My Drive/Colab Notebooks/FinCap_ImgScraping/Guns_Colab131f1c010e.jpg
66,/content/drive/My Drive/Colab Notebooks/FinCap_ImgScraping/Guns_Colab1363b7713d.jpg
67,/content/drive/My Drive/Colab Notebooks/FinCap_ImgScraping/Guns_Colab137333ba1a.jpg
68,/content/drive/My Drive/Colab Notebooks/FinCap_ImgScraping/Guns_Colab13c9a98177.jpg
69,/content/drive/My Drive/Colab Notebooks/FinCap_ImgScraping/Guns_Colab13cdf02e2c.jpg
70,/content/drive/My Drive/Colab Notebooks/FinCap_ImgScraping/Guns_Colab13d5cc553b.jpg
71,/content/drive/My Drive/Colab Notebooks/FinCap_ImgScraping/Guns_Colab14613454f3.jpg
72,/content/drive/My Drive/Colab Notebooks/FinCap_ImgScraping/Guns_Colab1462511c9e.jpg
73,/content/drive/My Drive/Colab Notebooks/FinCap_ImgScraping/Guns_Colab148ca2007a.jpg
74,/content/drive/My Drive/Colab Notebooks/FinCap_ImgScraping/Guns_Colab14cb1842c2.jpg
75,/content/drive/My Drive/Colab Notebooks/FinCap_ImgScraping/Guns_Colab151059f424.jpg
76,/content/drive/My Drive/Colab Notebooks/FinCap_ImgScraping/Guns_Colab15118173f2.jpg
77,/content/drive/My Drive/Colab Notebooks/FinCap_ImgScraping/Guns_Colab153e556a21.jpg
78,/content/drive/My Drive/Colab Notebooks/FinCap_ImgScraping/Guns_Colab15b62cb14f.jpg
79,/content/drive/My Drive/Colab Notebooks/FinCap_ImgScraping/Guns_Colab15dda8b8e2.jpg
80,/content/drive/My Drive/Colab Notebooks/FinCap_ImgScraping/Guns_Colab16132f587b.jpg
81,/content/drive/My Drive/Colab Notebooks/FinCap_ImgScraping/Guns_Colab1645b9ce2d.jpg
82,/content/drive/My Drive/Colab Notebooks/FinCap_ImgScraping/Guns_Colab165464b49c.jpg
83,/content/drive/My Drive/Colab Notebooks/FinCap_ImgScraping/Guns_Colab16550225e7.jpg
84,/content/drive/My Drive/Colab Notebooks/FinCap_ImgScraping/Guns_Colab16709a7b1a.jpg
85,/content/drive/My Drive/Colab Notebooks/FinCap_ImgScraping/Guns_Colab16d7f0101d.jpg
86,/content/drive/My Drive/Colab Notebooks/FinCap_ImgScraping/Guns_Colab1734386d01.jpg
87,/content/drive/My Drive/Colab Notebooks/FinCap_ImgScraping/Guns_Colab17582f1d54.jpg
88,/content/drive/My Drive/Colab Notebooks/FinCap_ImgScraping/Guns_Colab17861f6547.jpg
89,/content/drive/My Drive/Colab Notebooks/FinCap_ImgScraping/Guns_Colab179c1a1b88.jpg
90,/content/drive/My Drive/Colab Notebooks/FinCap_ImgScraping/Guns_Colab1836957a5c.jpg
91,/content/drive/My Drive/Colab Notebooks/FinCap_ImgScraping/Guns_Colab1852375e11.jpg
92,/content/drive/My Drive/Colab Notebooks/FinCap_ImgScraping/Guns_Colab18599151c4.jpg
93,/content/drive/My Drive/Colab Notebooks/FinCap_ImgScraping/Guns_Colab19212e7cb9.jpg
94,/content/drive/My Drive/Colab Notebooks/FinCap_ImgScraping/Guns_Colab1966ff2e0a.jpg
95,/content/drive/My Drive/Colab Notebooks/FinCap_ImgScraping/Guns_Colab1a1cd35c9f.jpg
96,/content/drive/My Drive/Colab Notebooks/FinCap_ImgScraping/Guns_Colab1a1e5c8420.jpg
97,/content/drive/My Drive/Colab Notebooks/FinCap_ImgScraping/Guns_Colab1ac989c496.jpg
98,/content/drive/My Drive/Colab Notebooks/FinCap_ImgScraping/Guns_Colab1b21e56e05.jpg
99,/content/drive/My Drive/Colab Notebooks/FinCap_ImgScraping/Guns_Colab1b623349ad.jpg
100,/content/drive/My Drive/Colab Notebooks/FinCap_ImgScraping/Guns_Colab1bb29ad91d.jpg
101,/content/drive/My Drive/Colab Notebooks/FinCap_ImgScraping/Guns_Colab1bb3e66cb8.jpg
102,/content/drive/My Drive/Colab Notebooks/FinCap_ImgScraping/Guns_Colab1c3a329be9.jpg
103,/content/drive/My Drive/Colab Notebooks/FinCap_ImgScraping/Guns_Colab1d8001ee55.jpg
104,/content/drive/My Drive/Colab Notebooks/FinCap_ImgScraping/Guns_Colab1dd8262197.jpg
105,/content/drive/My Drive/Colab Notebooks/FinCap_ImgScraping/Guns_Colab1e1d4ffcd9.jpg
106,/content/drive/My Drive/Colab Notebooks/FinCap_ImgScraping/Guns_Colab1f375c964b.jpg
107,/content/drive/My Drive/Colab Notebooks/FinCap_ImgScraping/Guns_Colab1facb05a93.jpg
108,/content/drive/My Drive/Colab Notebooks/FinCap_ImgScraping/Guns_Colab1fad27cefd.jpg
109,/content/drive/My Drive/Colab Notebooks/FinCap_ImgScraping/Guns_Colab1fefd86996.jpg
110,/content/drive/My Drive/Colab Notebooks/FinCap_ImgScraping/Guns_Colab2104d88c94.jpg
111,/content/drive/My Drive/Colab Notebooks/FinCap_ImgScraping/Guns_Colab2111acb8d0.jpg
112,/content/drive/My Drive/Colab Notebooks/FinCap_ImgScraping/Guns_Colab2143383af9.jpg
113,/content/drive/My Drive/Colab Notebooks/FinCap_ImgScraping/Guns_Colab2195b30434.jpg
114,/content/drive/My Drive/Colab Notebooks/FinCap_ImgScraping/Guns_Colab223d92fbae.jpg
115,/content/drive/My Drive/Colab Notebooks/FinCap_ImgScraping/Guns_Colab2249dede39.jpg
116,/content/drive/My Drive/Colab Notebooks/FinCap_ImgScraping/Guns_Colab22d883c5d6.jpg
117,/content/drive/My Drive/Colab Notebooks/FinCap_ImgScraping/Guns_Colab2316439ca7.jpg
118,/content/drive/My Drive/Colab Notebooks/FinCap_ImgScraping/Guns_Colab23282e6350.jpg
119,/content/drive/My Drive/Colab Notebooks/FinCap_ImgScraping/Guns_Colab2376e0e16b.jpg
120,/content/drive/My Drive/Colab Notebooks/FinCap_ImgScraping/Guns_Colab23cb0ddd01.jpg
121,/content/drive/My Drive/Colab Notebooks/FinCap_ImgScraping/Guns_Colab2449b70472.jpg
122,/content/drive/My Drive/Colab Notebooks/FinCap_ImgScraping/Guns_Colab244edd053b.jpg
123,/content/drive/My Drive/Colab Notebooks/FinCap_ImgScraping/Guns_Colab245b484995.jpg
124,/content/drive/My Drive/Colab Notebooks/FinCap_ImgScraping/Guns_Colab24b8e301d7.jpg
125,/content/drive/My Drive/Colab Notebooks/FinCap_ImgScraping/Guns_Colab24c6e95d0e.jpg
126,/content/drive/My Drive/Colab Notebooks/FinCap_ImgScraping/Guns_Colab250523b717.jpg
127,/content/drive/My Drive/Colab Notebooks/FinCap_ImgScraping/Guns_Colab252fdabe09.jpg
128,/content/drive/My Drive/Colab Notebooks/FinCap_ImgScraping/Guns_Colab258adc3e19.jpg
129,/content/drive/My Drive/Colab Notebooks/FinCap_ImgScraping/Guns_Colab25913dfb5a.jpg
130,/content/drive/My Drive/Colab Notebooks/FinCap_ImgScraping/Guns_Colab25ad979f8d.jpg
131,/content/drive/My Drive/Colab Notebooks/FinCap_ImgScraping/Guns_Colab265a7116ac.jpg
132,/content/drive/My Drive/Colab Notebooks/FinCap_ImgScraping/Guns_Colab2663e80059.jpg
133,/content/drive/My Drive/Colab Notebooks/FinCap_ImgScraping/Guns_Colab269abe4065.jpg
134,/content/drive/My Drive/Colab Notebooks/FinCap_ImgScraping/Guns_Colab26b99b9e7c.jpg
135,/content/drive/My Drive/Colab Notebooks/FinCap_ImgScraping/Guns_Colab26ce003e76.jpg
136,/content/drive/My Drive/Colab Notebooks/FinCap_ImgScraping/Guns_Colab2767b2745d.jpg
137,/content/drive/My Drive/Colab Notebooks/FinCap_ImgScraping/Guns_Colab2799557f70.jpg
138,/content/drive/My Drive/Colab Notebooks/FinCap_ImgScraping/Guns_Colab2802ae9ace.jpg
139,/content/drive/My Drive/Colab Notebooks/FinCap_ImgScraping/Guns_Colab281b0d7905.jpg
140,/content/drive/My Drive/Colab Notebooks/FinCap_ImgScraping/Guns_Colab28200a1dbb.jpg
141,/content/drive/My Drive/Colab Notebooks/FinCap_ImgScraping/Guns_Colab286532494d.jpg
142,/content/drive/My Drive/Colab Notebooks/FinCap_ImgScraping/Guns_Colab2897587aa4.jpg
143,/content/drive/My Drive/Colab Notebooks/FinCap_ImgScraping/Guns_Colab28b7cc3c4e.jpg
144,/content/drive/My Drive/Colab Notebooks/FinCap_ImgScraping/Guns_Colab297e5a375e.jpg
145,/content/drive/My Drive/Colab Notebooks/FinCap_ImgScraping/Guns_Colab29978c796b.jpg
146,/content/drive/My Drive/Colab Notebooks/FinCap_ImgScraping/Guns_Colab2a17acc2c9.jpg
147,/content/drive/My Drive/Colab Notebooks/FinCap_ImgScraping/Guns_Colab2a1fe26e21.jpg
148,/content/drive/My Drive/Colab Notebooks/FinCap_ImgScraping/Guns_Colab2a41745e58.jpg
149,/content/drive/My Drive/Colab Notebooks/FinCap_ImgScraping/Guns_Colab2abd30ab49.jpg
150,/content/drive/My Drive/Colab Notebooks/FinCap_ImgScraping/Guns_Colab2aec86a30c.jpg
151,/content/drive/My Drive/Colab Notebooks/FinCap_ImgScraping/Guns_Colab2b1e0b59ec.jpg
152,/content/drive/My Drive/Colab Notebooks/FinCap_ImgScraping/Guns_Colab2b26076984.jpg
153,/content/drive/My Drive/Colab Notebooks/FinCap_ImgScraping/Guns_Colab2b26cd4cab.jpg
154,/content/drive/My Drive/Colab Notebooks/FinCap_ImgScraping/Guns_Colab2b3607c7ea.jpg
155,/content/drive/My Drive/Colab Notebooks/FinCap_ImgScraping/Guns_Colab2b48a56c12.jpg
156,/content/drive/My Drive/Colab Notebooks/FinCap_ImgScraping/Guns_Colab2b603329ff.jpg
157,/content/drive/My Drive/Colab Notebooks/FinCap_ImgScraping/Guns_Colab2b844bd08e.jpg
158,/content/drive/My Drive/Colab Notebooks/FinCap_ImgScraping/Guns_Colab2d0e9a8923.jpg
159,/content/drive/My Drive/Colab Notebooks/FinCap_ImgScraping/Guns_Colab2d26ec3722.jpg
160,/content/drive/My Drive/Colab Notebooks/FinCap_ImgScraping/Guns_Colab2d8c04176c.jpg
161,/content/drive/My Drive/Colab Notebooks/FinCap_ImgScraping/Guns_Colab2da795dd68.jpg
162,/content/drive/My Drive/Colab Notebooks/FinCap_ImgScraping/Guns_Colab2dc68dbb73.jpg
163,/content/drive/My Drive/Colab Notebooks/FinCap_ImgScraping/Guns_Colab2e3d52000f.jpg
164,/content/drive/My Drive/Colab Notebooks/FinCap_ImgScraping/Guns_Colab2e6d2e5256.jpg
165,/content/drive/My Drive/Colab Notebooks/FinCap_ImgScraping/Guns_Colab2edea04835.jpg
166,/content/drive/My Drive/Colab Notebooks/FinCap_ImgScraping/Guns_Colab2ef78ec121.jpg
167,/content/drive/My Drive/Colab Notebooks/FinCap_ImgScraping/Guns_Colab2f560507d5.jpg
168,/content/drive/My Drive/Colab Notebooks/FinCap_ImgScraping/Guns_Colab3009fee804.jpg
169,/content/drive/My Drive/Colab Notebooks/FinCap_ImgScraping/Guns_Colab300d915118.jpg
170,/content/drive/My Drive/Colab Notebooks/FinCap_ImgScraping/Guns_Colab306287e67b.jpg
171,/content/drive/My Drive/Colab Notebooks/FinCap_ImgScraping/Guns_Colab308bcde44c.jpg
172,/content/drive/My Drive/Colab Notebooks/FinCap_ImgScraping/Guns_Colab3118d9c98e.jpg
173,/content/drive/My Drive/Colab Notebooks/FinCap_ImgScraping/Guns_Colab3130e11c1e.jpg
174,/content/drive/My Drive/Colab Notebooks/FinCap_ImgScraping/Guns_Colab316c4915a9.jpg
175,/content/drive/My Drive/Colab Notebooks/FinCap_ImgScraping/Guns_Colab31b6358d59.jpg
176,/content/drive/My Drive/Colab Notebooks/FinCap_ImgScraping/Guns_Colab31d330be64.jpg
177,/content/drive/My Drive/Colab Notebooks/FinCap_ImgScraping/Guns_Colab31e5692ee4.jpg
178,/content/drive/My Drive/Colab Notebooks/FinCap_ImgScraping/Guns_Colab323a5e5f3d.jpg
179,/content/drive/My Drive/Colab Notebooks/FinCap_ImgScraping/Guns_Colab3270a649d7.jpg
180,/content/drive/My Drive/Colab Notebooks/FinCap_ImgScraping/Guns_Colab32ecaf42a5.jpg
181,/content/drive/My Drive/Colab Notebooks/FinCap_ImgScraping/Guns_Colab32fa8a3149.jpg
182,/content/drive/My Drive/Colab Notebooks/FinCap_ImgScraping/Guns_Colab331d221b49.jpg
183,/content/drive/My Drive/Colab Notebooks/FinCap_ImgScraping/Guns_Colab33623e121d.jpg
184,/content/drive/My Drive/Colab Notebooks/FinCap_ImgScraping/Guns_Colab3391197986.jpg
185,/content/drive/My Drive/Colab Notebooks/FinCap_ImgScraping/Guns_Colab33c22a45be.jpg
186,/content/drive/My Drive/Colab Notebooks/FinCap_ImgScraping/Guns_Colab340cdee2c5.jpg
187,/content/drive/My Drive/Colab Notebooks/FinCap_ImgScraping/Guns_Colab34429b5f9f.jpg
188,/content/drive/My Drive/Colab Notebooks/FinCap_ImgScraping/Guns_Colab34b440eb1f.jpg
189,/content/drive/My Drive/Colab Notebooks/FinCap_ImgScraping/Guns_Colab3558788f59.jpg
190,/content/drive/My Drive/Colab Notebooks/FinCap_ImgScraping/Guns_Colab35b1ec5eae.jpg
191,/content/drive/My Drive/Colab Notebooks/FinCap_ImgScraping/Guns_Colab364002eeb0.jpg
192,/content/drive/My Drive/Colab Notebooks/FinCap_ImgScraping/Guns_Colab3645df41ba.jpg
193,/content/drive/My Drive/Colab Notebooks/FinCap_ImgScraping/Guns_Colab3677d19bd7.jpg
194,/content/drive/My Drive/Colab Notebooks/FinCap_ImgScraping/Guns_Colab36883cafde.jpg
195,/content/drive/My Drive/Colab Notebooks/FinCap_ImgScraping/Guns_Colab36cff2b2c9.jpg
196,/content/drive/My Drive/Colab Notebooks/FinCap_ImgScraping/Guns_Colab36e7d2d173.jpg
197,/content/drive/My Drive/Colab Notebooks/FinCap_ImgScraping/Guns_Colab36f369677f.jpg
198,/content/drive/My Drive/Colab Notebooks/FinCap_ImgScraping/Guns_Colab3770f660ee.jpg
199,/content/drive/My Drive/Colab Notebooks/FinCap_ImgScraping/Guns_Colab37cecb8e63.jpg
200,/content/drive/My Drive/Colab Notebooks/FinCap_ImgScraping/Guns_Colab385179fbec.jpg
201,/content/drive/My Drive/Colab Notebooks/FinCap_ImgScraping/Guns_Colab38840febac.jpg
202,/content/drive/My Drive/Colab Notebooks/FinCap_ImgScraping/Guns_Colab389c2c9e10.jpg
203,/content/drive/My Drive/Colab Notebooks/FinCap_ImgScraping/Guns_Colab38fcc8c5c1.jpg
204,/content/drive/My Drive/Colab Notebooks/FinCap_ImgScraping/Guns_Colab3a720cedaa.jpg
205,/content/drive/My Drive/Colab Notebooks/FinCap_ImgScraping/Guns_Colab3a738165e7.jpg
206,/content/drive/My Drive/Colab Notebooks/FinCap_ImgScraping/Guns_Colab3b29a1a586.jpg
207,/content/drive/My Drive/Colab Notebooks/FinCap_ImgScraping/Guns_Colab3b51d7158d.jpg
208,/content/drive/My Drive/Colab Notebooks/FinCap_ImgScraping/Guns_Colab3c004e695a.jpg
209,/content/drive/My Drive/Colab Notebooks/FinCap_ImgScraping/Guns_Colab3c0641ae3d.jpg
210,/content/drive/My Drive/Colab Notebooks/FinCap_ImgScraping/Guns_Colab3c2f9a8545.jpg
211,/content/drive/My Drive/Colab Notebooks/FinCap_ImgScraping/Guns_Colab3c8e1e0692.jpg
212,/content/drive/My Drive/Colab Notebooks/FinCap_ImgScraping/Guns_Colab3cc8f20044.jpg
213,/content/drive/My Drive/Colab Notebooks/FinCap_ImgScraping/Guns_Colab3d68323a94.jpg
214,/content/drive/My Drive/Colab Notebooks/FinCap_ImgScraping/Guns_Colab3d6f395cc4.jpg
215,/content/drive/My Drive/Colab Notebooks/FinCap_ImgScraping/Guns_Colab3e1bf8188d.jpg
216,/content/drive/My Drive/Colab Notebooks/FinCap_ImgScraping/Guns_Colab3e51309e08.jpg
217,/content/drive/My Drive/Colab Notebooks/FinCap_ImgScraping/Guns_Colab3e53d89a18.jpg
218,/content/drive/My Drive/Colab Notebooks/FinCap_ImgScraping/Guns_Colab3e62db17cf.jpg
219,/content/drive/My Drive/Colab Notebooks/FinCap_ImgScraping/Guns_Colab3e7e517784.jpg
220,/content/drive/My Drive/Colab Notebooks/FinCap_ImgScraping/Guns_Colab3efb7b2dd5.jpg
221,/content/drive/My Drive/Colab Notebooks/FinCap_ImgScraping/Guns_Colab3f089e9d46.jpg
222,/content/drive/My Drive/Colab Notebooks/FinCap_ImgScraping/Guns_Colab3f27eb52a9.jpg
223,/content/drive/My Drive/Colab Notebooks/FinCap_ImgScraping/Guns_Colab3f3f186105.jpg
224,/content/drive/My Drive/Colab Notebooks/FinCap_ImgScraping/Guns_Colab3f64cc464c.jpg
225,/content/drive/My Drive/Colab Notebooks/FinCap_ImgScraping/Guns_Colab3fc1c51c24.jpg
226,/content/drive/My Drive/Colab Notebooks/FinCap_ImgScraping/Guns_Colab4029e82ef6.jpg
227,/content/drive/My Drive/Colab Notebooks/FinCap_ImgScraping/Guns_Colab40cbce9704.jpg
228,/content/drive/My Drive/Colab Notebooks/FinCap_ImgScraping/Guns_Colab412f399056.jpg
229,/content/drive/My Drive/Colab Notebooks/FinCap_ImgScraping/Guns_Colab42163539fe.jpg
230,/content/drive/My Drive/Colab Notebooks/FinCap_ImgScraping/Guns_Colab4240b58f36.jpg
231,/content/drive/My Drive/Colab Notebooks/FinCap_ImgScraping/Guns_Colab42570b1de7.jpg
232,/content/drive/My Drive/Colab Notebooks/FinCap_ImgScraping/Guns_Colab42b6fc2fd6.jpg
233,/content/drive/My Drive/Colab Notebooks/FinCap_ImgScraping/Guns_Colab42eccd33b7.jpg
234,/content/drive/My Drive/Colab Notebooks/FinCap_ImgScraping/Guns_Colab4341c36776.jpg
235,/content/drive/My Drive/Colab Notebooks/FinCap_ImgScraping/Guns_Colab436cc1fe04.jpg
236,/content/drive/My Drive/Colab Notebooks/FinCap_ImgScraping/Guns_Colab43bf12dab7.jpg
237,/content/drive/My Drive/Colab Notebooks/FinCap_ImgScraping/Guns_Colab43f498be03.jpg
238,/content/drive/My Drive/Colab Notebooks/FinCap_ImgScraping/Guns_Colab4402471ecf.jpg
239,/content/drive/My Drive/Colab Notebooks/FinCap_ImgScraping/Guns_Colab440c0f5e87.jpg
240,/content/drive/My Drive/Colab Notebooks/FinCap_ImgScraping/Guns_Colab442b2f536f.jpg
241,/content/drive/My Drive/Colab Notebooks/FinCap_ImgScraping/Guns_Colab443f353d8f.jpg
242,/content/drive/My Drive/Colab Notebooks/FinCap_ImgScraping/Guns_Colab449f971591.jpg
243,/content/drive/My Drive/Colab Notebooks/FinCap_ImgScraping/Guns_Colab44c59b2201.jpg
244,/content/drive/My Drive/Colab Notebooks/FinCap_ImgScraping/Guns_Colab44e97476da.jpg
245,/content/drive/My Drive/Colab Notebooks/FinCap_ImgScraping/Guns_Colab44f8005bdf.jpg
246,/content/drive/My Drive/Colab Notebooks/FinCap_ImgScraping/Guns_Colab4541c702df.jpg
247,/content/drive/My Drive/Colab Notebooks/FinCap_ImgScraping/Guns_Colab454726cd8b.jpg
248,/content/drive/My Drive/Colab Notebooks/FinCap_ImgScraping/Guns_Colab457ca193e8.jpg
249,/content/drive/My Drive/Colab Notebooks/FinCap_ImgScraping/Guns_Colab458f4f28d3.jpg
250,/content/drive/My Drive/Colab Notebooks/FinCap_ImgScraping/Guns_Colab4594f37d8c.jpg
251,/content/drive/My Drive/Colab Notebooks/FinCap_ImgScraping/Guns_Colab459d5026d8.jpg
252,/content/drive/My Drive/Colab Notebooks/FinCap_ImgScraping/Guns_Colab459ff0ff0e.jpg
253,/content/drive/My Drive/Colab Notebooks/FinCap_ImgScraping/Guns_Colab45f42b6646.jpg
254,/content/drive/My Drive/Colab Notebooks/FinCap_ImgScraping/Guns_Colab461810bc03.jpg
255,/content/drive/My Drive/Colab Notebooks/FinCap_ImgScraping/Guns_Colab4639683851.jpg
256,/content/drive/My Drive/Colab Notebooks/FinCap_ImgScraping/Guns_Colab469117a279.jpg
257,/content/drive/My Drive/Colab Notebooks/FinCap_ImgScraping/Guns_Colab46d72c1d4b.jpg
258,/content/drive/My Drive/Colab Notebooks/FinCap_ImgScraping/Guns_Colab472fb01c94.jpg
259,/content/drive/My Drive/Colab Notebooks/FinCap_ImgScraping/Guns_Colab477892908f.jpg
260,/content/drive/My Drive/Colab Notebooks/FinCap_ImgScraping/Guns_Colab47afd00a67.jpg
261,/content/drive/My Drive/Colab Notebooks/FinCap_ImgScraping/Guns_Colab480929c065.jpg
262,/content/drive/My Drive/Colab Notebooks/FinCap_ImgScraping/Guns_Colab482ab3860d.jpg
263,/content/drive/My Drive/Colab Notebooks/FinCap_ImgScraping/Guns_Colab48f1342076.jpg
264,/content/drive/My Drive/Colab Notebooks/FinCap_ImgScraping/Guns_Colab490dff6ca8.jpg
265,/content/drive/My Drive/Colab Notebooks/FinCap_ImgScraping/Guns_Colab491fb17493.jpg
266,/content/drive/My Drive/Colab Notebooks/FinCap_ImgScraping/Guns_Colab49649a00f7.jpg
267,/content/drive/My Drive/Colab Notebooks/FinCap_ImgScraping/Guns_Colab4980d7659c.jpg
268,/content/drive/My Drive/Colab Notebooks/FinCap_ImgScraping/Guns_Colab4a11c2f19f.jpg
269,/content/drive/My Drive/Colab Notebooks/FinCap_ImgScraping/Guns_Colab4a232982d1.jpg
270,/content/drive/My Drive/Colab Notebooks/FinCap_ImgScraping/Guns_Colab4a5d626c0b.jpg
271,/content/drive/My Drive/Colab Notebooks/FinCap_ImgScraping/Guns_Colab4a66f73c7b.jpg
272,/content/drive/My Drive/Colab Notebooks/FinCap_ImgScraping/Guns_Colab4aa7b713dd.jpg
273,/content/drive/My Drive/Colab Notebooks/FinCap_ImgScraping/Guns_Colab4abd804a17.jpg
274,/content/drive/My Drive/Colab Notebooks/FinCap_ImgScraping/Guns_Colab4b9718d30b.jpg
275,/content/drive/My Drive/Colab Notebooks/FinCap_ImgScraping/Guns_Colab4bca5d194c.jpg
276,/content/drive/My Drive/Colab Notebooks/FinCap_ImgScraping/Guns_Colab4c514d78be.jpg
277,/content/drive/My Drive/Colab Notebooks/FinCap_ImgScraping/Guns_Colab4c6294c88f.jpg
278,/content/drive/My Drive/Colab Notebooks/FinCap_ImgScraping/Guns_Colab4c97c4b847.jpg
279,/content/drive/My Drive/Colab Notebooks/FinCap_ImgScraping/Guns_Colab4d0ef49f0f.jpg
280,/content/drive/My Drive/Colab Notebooks/FinCap_ImgScraping/Guns_Colab4d243e50c3.jpg
281,/content/drive/My Drive/Colab Notebooks/FinCap_ImgScraping/Guns_Colab4d26a5cc54.jpg
282,/content/drive/My Drive/Colab Notebooks/FinCap_ImgScraping/Guns_Colab4d28978e29.jpg
283,/content/drive/My Drive/Colab Notebooks/FinCap_ImgScraping/Guns_Colab4d6a424dc0.jpg
284,/content/drive/My Drive/Colab Notebooks/FinCap_ImgScraping/Guns_Colab4e459038cc.jpg
285,/content/drive/My Drive/Colab Notebooks/FinCap_ImgScraping/Guns_Colab4ebaf79fe4.jpg
286,/content/drive/My Drive/Colab Notebooks/FinCap_ImgScraping/Guns_Colab4f5d71a42d.jpg
287,/content/drive/My Drive/Colab Notebooks/FinCap_ImgScraping/Guns_Colab4f5ed0b9d1.jpg
288,/content/drive/My Drive/Colab Notebooks/FinCap_ImgScraping/Guns_Colab501f0c3e66.jpg
289,/content/drive/My Drive/Colab Notebooks/FinCap_ImgScraping/Guns_Colab505f102290.jpg
290,/content/drive/My Drive/Colab Notebooks/FinCap_ImgScraping/Guns_Colab50753a532f.jpg
291,/content/drive/My Drive/Colab Notebooks/FinCap_ImgScraping/Guns_Colab5079323743.jpg
292,/content/drive/My Drive/Colab Notebooks/FinCap_ImgScraping/Guns_Colab50c653059d.jpg
293,/content/drive/My Drive/Colab Notebooks/FinCap_ImgScraping/Guns_Colab50df16932f.jpg
294,/content/drive/My Drive/Colab Notebooks/FinCap_ImgScraping/Guns_Colab512baf663f.jpg
295,/content/drive/My Drive/Colab Notebooks/FinCap_ImgScraping/Guns_Colab51fe1e53bf.jpg
296,/content/drive/My Drive/Colab Notebooks/FinCap_ImgScraping/Guns_Colab5237e786d0.jpg
297,/content/drive/My Drive/Colab Notebooks/FinCap_ImgScraping/Guns_Colab526d70852b.jpg
298,/content/drive/My Drive/Colab Notebooks/FinCap_ImgScraping/Guns_Colab52d4cbb7e5.jpg
299,/content/drive/My Drive/Colab Notebooks/FinCap_ImgScraping/Guns_Colab5329bb66db.jpg
300,/content/drive/My Drive/Colab Notebooks/FinCap_ImgScraping/Guns_Colab53464bc54a.jpg
301,/content/drive/My Drive/Colab Notebooks/FinCap_ImgScraping/Guns_Colab53702d4dc9.jpg
302,/content/drive/My Drive/Colab Notebooks/FinCap_ImgScraping/Guns_Colab53af2abe91.jpg
303,/content/drive/My Drive/Colab Notebooks/FinCap_ImgScraping/Guns_Colab53cbe25e2d.jpg
304,/content/drive/My Drive/Colab Notebooks/FinCap_ImgScraping/Guns_Colab53f5b39cb8.jpg
305,/content/drive/My Drive/Colab Notebooks/FinCap_ImgScraping/Guns_Colab54007ebee5.jpg
306,/content/drive/My Drive/Colab Notebooks/FinCap_ImgScraping/Guns_Colab542ec55091.jpg
307,/content/drive/My Drive/Colab Notebooks/FinCap_ImgScraping/Guns_Colab5447d3a286.jpg
308,/content/drive/My Drive/Colab Notebooks/FinCap_ImgScraping/Guns_Colab54b4f3f44b.jpg
309,/content/drive/My Drive/Colab Notebooks/FinCap_ImgScraping/Guns_Colab54e3d641dd.jpg
310,/content/drive/My Drive/Colab Notebooks/FinCap_ImgScraping/Guns_Colab54fc1b3851.jpg
311,/content/drive/My Drive/Colab Notebooks/FinCap_ImgScraping/Guns_Colab55a2678c75.jpg
312,/content/drive/My Drive/Colab Notebooks/FinCap_ImgScraping/Guns_Colab55a27f92e0.jpg
313,/content/drive/My Drive/Colab Notebooks/FinCap_ImgScraping/Guns_Colab55aa4b3eb1.jpg
314,/content/drive/My Drive/Colab Notebooks/FinCap_ImgScraping/Guns_Colab55b81b6b82.jpg
315,/content/drive/My Drive/Colab Notebooks/FinCap_ImgScraping/Guns_Colab563a681b8a.jpg
316,/content/drive/My Drive/Colab Notebooks/FinCap_ImgScraping/Guns_Colab566e12ddef.jpg
317,/content/drive/My Drive/Colab Notebooks/FinCap_ImgScraping/Guns_Colab56904a8714.jpg
318,/content/drive/My Drive/Colab Notebooks/FinCap_ImgScraping/Guns_Colab56cfc4e7ac.jpg
319,/content/drive/My Drive/Colab Notebooks/FinCap_ImgScraping/Guns_Colab5711a3655b.jpg
320,/content/drive/My Drive/Colab Notebooks/FinCap_ImgScraping/Guns_Colab57a0dee4eb.jpg
321,/content/drive/My Drive/Colab Notebooks/FinCap_ImgScraping/Guns_Colab57ceae02d6.jpg
322,/content/drive/My Drive/Colab Notebooks/FinCap_ImgScraping/Guns_Colab57f6f7e644.jpg
323,/content/drive/My Drive/Colab Notebooks/FinCap_ImgScraping/Guns_Colab5807cbaa5e.jpg
324,/content/drive/My Drive/Colab Notebooks/FinCap_ImgScraping/Guns_Colab582bfa31b6.jpg
325,/content/drive/My Drive/Colab Notebooks/FinCap_ImgScraping/Guns_Colab583e38b0e2.jpg
326,/content/drive/My Drive/Colab Notebooks/FinCap_ImgScraping/Guns_Colab58d98680c3.jpg
327,/content/drive/My Drive/Colab Notebooks/FinCap_ImgScraping/Guns_Colab59475b68cc.jpg
328,/content/drive/My Drive/Colab Notebooks/FinCap_ImgScraping/Guns_Colab59fbfadb98.jpg
329,/content/drive/My Drive/Colab Notebooks/FinCap_ImgScraping/Guns_Colab5a1f90b1a6.jpg
330,/content/drive/My Drive/Colab Notebooks/FinCap_ImgScraping/Guns_Colab5a202aace6.jpg
331,/content/drive/My Drive/Colab Notebooks/FinCap_ImgScraping/Guns_Colab5a4bd502f9.jpg
332,/content/drive/My Drive/Colab Notebooks/FinCap_ImgScraping/Guns_Colab5ac5d72921.jpg
333,/content/drive/My Drive/Colab Notebooks/FinCap_ImgScraping/Guns_Colab5b7c78b061.jpg
334,/content/drive/My Drive/Colab Notebooks/FinCap_ImgScraping/Guns_Colab5b93925e4a.jpg
335,/content/drive/My Drive/Colab Notebooks/FinCap_ImgScraping/Guns_Colab5bafb6f3a8.jpg
336,/content/drive/My Drive/Colab Notebooks/FinCap_ImgScraping/Guns_Colab5bb065cc41.jpg
337,/content/drive/My Drive/Colab Notebooks/FinCap_ImgScraping/Guns_Colab5bb54c3a51.jpg
338,/content/drive/My Drive/Colab Notebooks/FinCap_ImgScraping/Guns_Colab5bd6ccbe23.jpg
339,/content/drive/My Drive/Colab Notebooks/FinCap_ImgScraping/Guns_Colab5c1be02af5.jpg
340,/content/drive/My Drive/Colab Notebooks/FinCap_ImgScraping/Guns_Colab5c2f22f5ee.jpg
341,/content/drive/My Drive/Colab Notebooks/FinCap_ImgScraping/Guns_Colab5c52211ba5.jpg
342,/content/drive/My Drive/Colab Notebooks/FinCap_ImgScraping/Guns_Colab5c63f7a5af.jpg
343,/content/drive/My Drive/Colab Notebooks/FinCap_ImgScraping/Guns_Colab5c7a999294.jpg
344,/content/drive/My Drive/Colab Notebooks/FinCap_ImgScraping/Guns_Colab5c8bf0ce08.jpg
345,/content/drive/My Drive/Colab Notebooks/FinCap_ImgScraping/Guns_Colab5d309861bf.jpg
346,/content/drive/My Drive/Colab Notebooks/FinCap_ImgScraping/Guns_Colab5dc06f951f.jpg
347,/content/drive/My Drive/Colab Notebooks/FinCap_ImgScraping/Guns_Colab5e0fe43fdf.jpg
348,/content/drive/My Drive/Colab Notebooks/FinCap_ImgScraping/Guns_Colab5e537113ec.jpg
349,/content/drive/My Drive/Colab Notebooks/FinCap_ImgScraping/Guns_Colab5e5a0fa5ee.jpg
350,/content/drive/My Drive/Colab Notebooks/FinCap_ImgScraping/Guns_Colab5e6d262749.jpg
351,/content/drive/My Drive/Colab Notebooks/FinCap_ImgScraping/Guns_Colab5faab783c3.jpg
352,/content/drive/My Drive/Colab Notebooks/FinCap_ImgScraping/Guns_Colab5fc0291f19.jpg
353,/content/drive/My Drive/Colab Notebooks/FinCap_ImgScraping/Guns_Colab5fcbedec02.jpg
354,/content/drive/My Drive/Colab Notebooks/FinCap_ImgScraping/Guns_Colab5fe5d17c92.jpg
355,/content/drive/My Drive/Colab Notebooks/FinCap_ImgScraping/Guns_Colab60282d25d5.jpg
356,/content/drive/My Drive/Colab Notebooks/FinCap_ImgScraping/Guns_Colab61b1e3b590.jpg
357,/content/drive/My Drive/Colab Notebooks/FinCap_ImgScraping/Guns_Colab61bfd02027.jpg
358,/content/drive/My Drive/Colab Notebooks/FinCap_ImgScraping/Guns_Colab6203c0b31c.jpg
359,/content/drive/My Drive/Colab Notebooks/FinCap_ImgScraping/Guns_Colab62718d9782.jpg
360,/content/drive/My Drive/Colab Notebooks/FinCap_ImgScraping/Guns_Colab62f0fdbca8.jpg
361,/content/drive/My Drive/Colab Notebooks/FinCap_ImgScraping/Guns_Colab63722df319.jpg
362,/content/drive/My Drive/Colab Notebooks/FinCap_ImgScraping/Guns_Colab63be64c993.jpg
363,/content/drive/My Drive/Colab Notebooks/FinCap_ImgScraping/Guns_Colab63d473db4d.jpg
364,/content/drive/My Drive/Colab Notebooks/FinCap_ImgScraping/Guns_Colab641e30edf3.jpg
365,/content/drive/My Drive/Colab Notebooks/FinCap_ImgScraping/Guns_Colab6455650dda.jpg
366,/content/drive/My Drive/Colab Notebooks/FinCap_ImgScraping/Guns_Colab64a4d5f68b.jpg
367,/content/drive/My Drive/Colab Notebooks/FinCap_ImgScraping/Guns_Colab64c2fd9958.jpg
368,/content/drive/My Drive/Colab Notebooks/FinCap_ImgScraping/Guns_Colab64d2e64073.jpg
369,/content/drive/My Drive/Colab Notebooks/FinCap_ImgScraping/Guns_Colab64f265362e.jpg
370,/content/drive/My Drive/Colab Notebooks/FinCap_ImgScraping/Guns_Colab64ff4c9d61.jpg
371,/content/drive/My Drive/Colab Notebooks/FinCap_ImgScraping/Guns_Colab6550104c66.jpg
372,/content/drive/My Drive/Colab Notebooks/FinCap_ImgScraping/Guns_Colab657ecf96d6.jpg
373,/content/drive/My Drive/Colab Notebooks/FinCap_ImgScraping/Guns_Colab65d387f7e6.jpg
374,/content/drive/My Drive/Colab Notebooks/FinCap_ImgScraping/Guns_Colab66643c591c.jpg
375,/content/drive/My Drive/Colab Notebooks/FinCap_ImgScraping/Guns_Colab667e8bacae.jpg
376,/content/drive/My Drive/Colab Notebooks/FinCap_ImgScraping/Guns_Colab66ead8a6f7.jpg
377,/content/drive/My Drive/Colab Notebooks/FinCap_ImgScraping/Guns_Colab673c6f7c7a.jpg
378,/content/drive/My Drive/Colab Notebooks/FinCap_ImgScraping/Guns_Colab67673d1bb1.jpg
379,/content/drive/My Drive/Colab Notebooks/FinCap_ImgScraping/Guns_Colab68a2b47294.jpg
380,/content/drive/My Drive/Colab Notebooks/FinCap_ImgScraping/Guns_Colab6901463a3e.jpg
381,/content/drive/My Drive/Colab Notebooks/FinCap_ImgScraping/Guns_Colab692a774aa6.jpg
382,/content/drive/My Drive/Colab Notebooks/FinCap_ImgScraping/Guns_Colab69f90633a0.jpg
383,/content/drive/My Drive/Colab Notebooks/FinCap_ImgScraping/Guns_Colab69fc5e74ec.jpg
384,/content/drive/My Drive/Colab Notebooks/FinCap_ImgScraping/Guns_Colab6a317d1e9d.jpg
385,/content/drive/My Drive/Colab Notebooks/FinCap_ImgScraping/Guns_Colab6a8a35eb61.jpg
386,/content/drive/My Drive/Colab Notebooks/FinCap_ImgScraping/Guns_Colab6accae67e0.jpg
387,/content/drive/My Drive/Colab Notebooks/FinCap_ImgScraping/Guns_Colab6acd2912d7.jpg
388,/content/drive/My Drive/Colab Notebooks/FinCap_ImgScraping/Guns_Colab6b6c35f994.jpg
389,/content/drive/My Drive/Colab Notebooks/FinCap_ImgScraping/Guns_Colab6c210c7c76.jpg
390,/content/drive/My Drive/Colab Notebooks/FinCap_ImgScraping/Guns_Colab6ccca48e32.jpg
391,/content/drive/My Drive/Colab Notebooks/FinCap_ImgScraping/Guns_Colab6d4042ba7f.jpg
392,/content/drive/My Drive/Colab Notebooks/FinCap_ImgScraping/Guns_Colab6d50d1507b.jpg
393,/content/drive/My Drive/Colab Notebooks/FinCap_ImgScraping/Guns_Colab6dde240d98.jpg
394,/content/drive/My Drive/Colab Notebooks/FinCap_ImgScraping/Guns_Colab6e22125697.jpg
395,/content/drive/My Drive/Colab Notebooks/FinCap_ImgScraping/Guns_Colab6e38231476.jpg
396,/content/drive/My Drive/Colab Notebooks/FinCap_ImgScraping/Guns_Colab6e8d708461.jpg
397,/content/drive/My Drive/Colab Notebooks/FinCap_ImgScraping/Guns_Colab6e8ec61bfa.jpg
398,/content/drive/My Drive/Colab Notebooks/FinCap_ImgScraping/Guns_Colab6ea964d5a6.jpg
399,/content/drive/My Drive/Colab Notebooks/FinCap_ImgScraping/Guns_Colab6ed8c1f418.jpg
400,/content/drive/My Drive/Colab Notebooks/FinCap_ImgScraping/Guns_Colab6ee59a289b.jpg
401,/content/drive/My Drive/Colab Notebooks/FinCap_ImgScraping/Guns_Colab6f4e8305e3.jpg
402,/content/drive/My Drive/Colab Notebooks/FinCap_ImgScraping/Guns_Colab6f9803aa8d.jpg
403,/content/drive/My Drive/Colab Notebooks/FinCap_ImgScraping/Guns_Colab6fd9602294.jpg
404,/content/drive/My Drive/Colab Notebooks/FinCap_ImgScraping/Guns_Colab6fda3fcb7a.jpg
405,/content/drive/My Drive/Colab Notebooks/FinCap_ImgScraping/Guns_Colab6fe67971c0.jpg
406,/content/drive/My Drive/Colab Notebooks/FinCap_ImgScraping/Guns_Colab701dcab57e.jpg
407,/content/drive/My Drive/Colab Notebooks/FinCap_ImgScraping/Guns_Colab702a641312.jpg
408,/content/drive/My Drive/Colab Notebooks/FinCap_ImgScraping/Guns_Colab7035ec53a1.jpg
409,/content/drive/My Drive/Colab Notebooks/FinCap_ImgScraping/Guns_Colab708830c57b.jpg
410,/content/drive/My Drive/Colab Notebooks/FinCap_ImgScraping/Guns_Colab70991350c2.jpg
411,/content/drive/My Drive/Colab Notebooks/FinCap_ImgScraping/Guns_Colab70a7352643.jpg
412,/content/drive/My Drive/Colab Notebooks/FinCap_ImgScraping/Guns_Colab70d3347604.jpg
413,/content/drive/My Drive/Colab Notebooks/FinCap_ImgScraping/Guns_Colab70fca7e798.jpg
414,/content/drive/My Drive/Colab Notebooks/FinCap_ImgScraping/Guns_Colab7123be201f.jpg
415,/content/drive/My Drive/Colab Notebooks/FinCap_ImgScraping/Guns_Colab7185a3be39.jpg
416,/content/drive/My Drive/Colab Notebooks/FinCap_ImgScraping/Guns_Colab71a2937b8f.jpg
417,/content/drive/My Drive/Colab Notebooks/FinCap_ImgScraping/Guns_Colab71da024cba.jpg
418,/content/drive/My Drive/Colab Notebooks/FinCap_ImgScraping/Guns_Colab721c76cfe1.jpg
419,/content/drive/My Drive/Colab Notebooks/FinCap_ImgScraping/Guns_Colab7225c24d94.jpg
420,/content/drive/My Drive/Colab Notebooks/FinCap_ImgScraping/Guns_Colab72e257df42.jpg
421,/content/drive/My Drive/Colab Notebooks/FinCap_ImgScraping/Guns_Colab730ec28ee3.jpg
422,/content/drive/My Drive/Colab Notebooks/FinCap_ImgScraping/Guns_Colab7348c4eccb.jpg
423,/content/drive/My Drive/Colab Notebooks/FinCap_ImgScraping/Guns_Colab737c120b45.jpg
424,/content/drive/My Drive/Colab Notebooks/FinCap_ImgScraping/Guns_Colab73e8ee263b.jpg
425,/content/drive/My Drive/Colab Notebooks/FinCap_ImgScraping/Guns_Colab73fab90d4c.jpg
426,/content/drive/My Drive/Colab Notebooks/FinCap_ImgScraping/Guns_Colab73fc90ec9f.jpg
427,/content/drive/My Drive/Colab Notebooks/FinCap_ImgScraping/Guns_Colab7404921032.jpg
428,/content/drive/My Drive/Colab Notebooks/FinCap_ImgScraping/Guns_Colab74a499b9fe.jpg
429,/content/drive/My Drive/Colab Notebooks/FinCap_ImgScraping/Guns_Colab74a7898e43.jpg
430,/content/drive/My Drive/Colab Notebooks/FinCap_ImgScraping/Guns_Colab74c34b597b.jpg
431,/content/drive/My Drive/Colab Notebooks/FinCap_ImgScraping/Guns_Colab7549dd5faa.jpg
432,/content/drive/My Drive/Colab Notebooks/FinCap_ImgScraping/Guns_Colab754a610a6c.jpg
433,/content/drive/My Drive/Colab Notebooks/FinCap_ImgScraping/Guns_Colab75a8cb4cae.jpg
434,/content/drive/My Drive/Colab Notebooks/FinCap_ImgScraping/Guns_Colab760fdb9ad7.jpg
435,/content/drive/My Drive/Colab Notebooks/FinCap_ImgScraping/Guns_Colab7636b45aac.jpg
436,/content/drive/My Drive/Colab Notebooks/FinCap_ImgScraping/Guns_Colab767e08bdaa.jpg
437,/content/drive/My Drive/Colab Notebooks/FinCap_ImgScraping/Guns_Colab7799cff7a0.jpg
438,/content/drive/My Drive/Colab Notebooks/FinCap_ImgScraping/Guns_Colab77cbb8850f.jpg
439,/content/drive/My Drive/Colab Notebooks/FinCap_ImgScraping/Guns_Colab77f6e7d09f.jpg
440,/content/drive/My Drive/Colab Notebooks/FinCap_ImgScraping/Guns_Colab77ff06c8a3.jpg
441,/content/drive/My Drive/Colab Notebooks/FinCap_ImgScraping/Guns_Colab7859148633.jpg
442,/content/drive/My Drive/Colab Notebooks/FinCap_ImgScraping/Guns_Colab792af5d08d.jpg
443,/content/drive/My Drive/Colab Notebooks/FinCap_ImgScraping/Guns_Colab796580ccd7.jpg
444,/content/drive/My Drive/Colab Notebooks/FinCap_ImgScraping/Guns_Colab7991432e12.jpg
445,/content/drive/My Drive/Colab Notebooks/FinCap_ImgScraping/Guns_Colab79c1b6e6ee.jpg
446,/content/drive/My Drive/Colab Notebooks/FinCap_ImgScraping/Guns_Colab79ca3e4e1c.jpg
447,/content/drive/My Drive/Colab Notebooks/FinCap_ImgScraping/Guns_Colab79d963f546.jpg
448,/content/drive/My Drive/Colab Notebooks/FinCap_ImgScraping/Guns_Colab7a708ccb5d.jpg
449,/content/drive/My Drive/Colab Notebooks/FinCap_ImgScraping/Guns_Colab7b6303053a.jpg
450,/content/drive/My Drive/Colab Notebooks/FinCap_ImgScraping/Guns_Colab7c06b6e583.jpg
451,/content/drive/My Drive/Colab Notebooks/FinCap_ImgScraping/Guns_Colab7c20cdb49c.jpg
452,/content/drive/My Drive/Colab Notebooks/FinCap_ImgScraping/Guns_Colab7c511abed9.jpg
453,/content/drive/My Drive/Colab Notebooks/FinCap_ImgScraping/Guns_Colab7c8d085574.jpg
454,/content/drive/My Drive/Colab Notebooks/FinCap_ImgScraping/Guns_Colab7d0c9215b3.jpg
455,/content/drive/My Drive/Colab Notebooks/FinCap_ImgScraping/Guns_Colab7dc07a19b8.jpg
456,/content/drive/My Drive/Colab Notebooks/FinCap_ImgScraping/Guns_Colab7e005ffcef.jpg
457,/content/drive/My Drive/Colab Notebooks/FinCap_ImgScraping/Guns_Colab7e2aab2962.jpg
458,/content/drive/My Drive/Colab Notebooks/FinCap_ImgScraping/Guns_Colab7e4b022f54.jpg
459,/content/drive/My Drive/Colab Notebooks/FinCap_ImgScraping/Guns_Colab7e50119b9b.jpg
460,/content/drive/My Drive/Colab Notebooks/FinCap_ImgScraping/Guns_Colab7e986f4b3e.jpg
461,/content/drive/My Drive/Colab Notebooks/FinCap_ImgScraping/Guns_Colab7ece053de6.jpg
462,/content/drive/My Drive/Colab Notebooks/FinCap_ImgScraping/Guns_Colab7f571f5bbf.jpg
463,/content/drive/My Drive/Colab Notebooks/FinCap_ImgScraping/Guns_Colab7f5ba9664b.jpg
464,/content/drive/My Drive/Colab Notebooks/FinCap_ImgScraping/Guns_Colab7ffd6cbbc5.jpg
465,/content/drive/My Drive/Colab Notebooks/FinCap_ImgScraping/Guns_Colab8006b3bf2a.jpg
466,/content/drive/My Drive/Colab Notebooks/FinCap_ImgScraping/Guns_Colab80157e5f6c.jpg
467,/content/drive/My Drive/Colab Notebooks/FinCap_ImgScraping/Guns_Colab804cee2500.jpg
468,/content/drive/My Drive/Colab Notebooks/FinCap_ImgScraping/Guns_Colab8051224a2a.jpg
469,/content/drive/My Drive/Colab Notebooks/FinCap_ImgScraping/Guns_Colab808f302e64.jpg
470,/content/drive/My Drive/Colab Notebooks/FinCap_ImgScraping/Guns_Colab80eed93ecb.jpg
471,/content/drive/My Drive/Colab Notebooks/FinCap_ImgScraping/Guns_Colab811ba8bc99.jpg
472,/content/drive/My Drive/Colab Notebooks/FinCap_ImgScraping/Guns_Colab8128cafe23.jpg
473,/content/drive/My Drive/Colab Notebooks/FinCap_ImgScraping/Guns_Colab8162e65b35.jpg
474,/content/drive/My Drive/Colab Notebooks/FinCap_ImgScraping/Guns_Colab816ddb5b9e.jpg
475,/content/drive/My Drive/Colab Notebooks/FinCap_ImgScraping/Guns_Colab81cb96dd73.jpg
476,/content/drive/My Drive/Colab Notebooks/FinCap_ImgScraping/Guns_Colab82015030ef.jpg
477,/content/drive/My Drive/Colab Notebooks/FinCap_ImgScraping/Guns_Colab82d682eae6.jpg
478,/content/drive/My Drive/Colab Notebooks/FinCap_ImgScraping/Guns_Colab830bea5208.jpg
479,/content/drive/My Drive/Colab Notebooks/FinCap_ImgScraping/Guns_Colab83583fe4ba.jpg
480,/content/drive/My Drive/Colab Notebooks/FinCap_ImgScraping/Guns_Colab83915080ce.jpg
481,/content/drive/My Drive/Colab Notebooks/FinCap_ImgScraping/Guns_Colab83b56a9615.jpg
482,/content/drive/My Drive/Colab Notebooks/FinCap_ImgScraping/Guns_Colab83fabd4e5c.jpg
483,/content/drive/My Drive/Colab Notebooks/FinCap_ImgScraping/Guns_Colab84dbdde254.jpg
484,/content/drive/My Drive/Colab Notebooks/FinCap_ImgScraping/Guns_Colab84f199c391.jpg
485,/content/drive/My Drive/Colab Notebooks/FinCap_ImgScraping/Guns_Colab84f8acd1cc.jpg
486,/content/drive/My Drive/Colab Notebooks/FinCap_ImgScraping/Guns_Colab8505abcd18.jpg
487,/content/drive/My Drive/Colab Notebooks/FinCap_ImgScraping/Guns_Colab853c814e40.jpg
488,/content/drive/My Drive/Colab Notebooks/FinCap_ImgScraping/Guns_Colab855de14cdf.jpg
489,/content/drive/My Drive/Colab Notebooks/FinCap_ImgScraping/Guns_Colab85b012dc23.jpg
490,/content/drive/My Drive/Colab Notebooks/FinCap_ImgScraping/Guns_Colab86a5ccb375.jpg
491,/content/drive/My Drive/Colab Notebooks/FinCap_ImgScraping/Guns_Colab8710daf0b4.jpg
492,/content/drive/My Drive/Colab Notebooks/FinCap_ImgScraping/Guns_Colab8713750a39.jpg
493,/content/drive/My Drive/Colab Notebooks/FinCap_ImgScraping/Guns_Colab87ce11e7f5.jpg
494,/content/drive/My Drive/Colab Notebooks/FinCap_ImgScraping/Guns_Colab88a61f0ce3.jpg
495,/content/drive/My Drive/Colab Notebooks/FinCap_ImgScraping/Guns_Colab88d84873fc.jpg
496,/content/drive/My Drive/Colab Notebooks/FinCap_ImgScraping/Guns_Colab88e046144d.jpg
497,/content/drive/My Drive/Colab Notebooks/FinCap_ImgScraping/Guns_Colab8917e54d4c.jpg
498,/content/drive/My Drive/Colab Notebooks/FinCap_ImgScraping/Guns_Colab8924ba2c6f.jpg
499,/content/drive/My Drive/Colab Notebooks/FinCap_ImgScraping/Guns_Colab89282e90e4.jpg
500,/content/drive/My Drive/Colab Notebooks/FinCap_ImgScraping/Guns_Colab894ac3bbe6.jpg
501,/content/drive/My Drive/Colab Notebooks/FinCap_ImgScraping/Guns_Colab89623fa73b.jpg
502,/content/drive/My Drive/Colab Notebooks/FinCap_ImgScraping/Guns_Colab89a37e4d80.jpg
503,/content/drive/My Drive/Colab Notebooks/FinCap_ImgScraping/Guns_Colab89c0db705e.jpg
504,/content/drive/My Drive/Colab Notebooks/FinCap_ImgScraping/Guns_Colab89ce508156.jpg
505,/content/drive/My Drive/Colab Notebooks/FinCap_ImgScraping/Guns_Colab8a98662b62.jpg
506,/content/drive/My Drive/Colab Notebooks/FinCap_ImgScraping/Guns_Colab8ababd01d1.jpg
507,/content/drive/My Drive/Colab Notebooks/FinCap_ImgScraping/Guns_Colab8abc52d885.jpg
508,/content/drive/My Drive/Colab Notebooks/FinCap_ImgScraping/Guns_Colab8aef46db89.jpg
509,/content/drive/My Drive/Colab Notebooks/FinCap_ImgScraping/Guns_Colab8b018c7e93.jpg
510,/content/drive/My Drive/Colab Notebooks/FinCap_ImgScraping/Guns_Colab8b08f28156.jpg
511,/content/drive/My Drive/Colab Notebooks/FinCap_ImgScraping/Guns_Colab8b29aef273.jpg
512,/content/drive/My Drive/Colab Notebooks/FinCap_ImgScraping/Guns_Colab8b43c7a6a1.jpg
513,/content/drive/My Drive/Colab Notebooks/FinCap_ImgScraping/Guns_Colab8b559031b4.jpg
514,/content/drive/My Drive/Colab Notebooks/FinCap_ImgScraping/Guns_Colab8b92e71d8c.jpg
515,/content/drive/My Drive/Colab Notebooks/FinCap_ImgScraping/Guns_Colab8b9decfed4.jpg
516,/content/drive/My Drive/Colab Notebooks/FinCap_ImgScraping/Guns_Colab8c6b91bd13.jpg
517,/content/drive/My Drive/Colab Notebooks/FinCap_ImgScraping/Guns_Colab8c8411b34d.jpg
518,/content/drive/My Drive/Colab Notebooks/FinCap_ImgScraping/Guns_Colab8d2b48ccc7.jpg
519,/content/drive/My Drive/Colab Notebooks/FinCap_ImgScraping/Guns_Colab8debb1cd64.jpg
520,/content/drive/My Drive/Colab Notebooks/FinCap_ImgScraping/Guns_Colab8e0e692335.jpg
521,/content/drive/My Drive/Colab Notebooks/FinCap_ImgScraping/Guns_Colab8e8d5c36e2.jpg
522,/content/drive/My Drive/Colab Notebooks/FinCap_ImgScraping/Guns_Colab8ed5d6cab2.jpg
523,/content/drive/My Drive/Colab Notebooks/FinCap_ImgScraping/Guns_Colab8f2420f935.jpg
524,/content/drive/My Drive/Colab Notebooks/FinCap_ImgScraping/Guns_Colab8f46d10541.jpg
525,/content/drive/My Drive/Colab Notebooks/FinCap_ImgScraping/Guns_Colab8f4dff4270.jpg
526,/content/drive/My Drive/Colab Notebooks/FinCap_ImgScraping/Guns_Colab8f6ed442f2.jpg
527,/content/drive/My Drive/Colab Notebooks/FinCap_ImgScraping/Guns_Colab8f99df6873.jpg
528,/content/drive/My Drive/Colab Notebooks/FinCap_ImgScraping/Guns_Colab8ff1026bd1.jpg
529,/content/drive/My Drive/Colab Notebooks/FinCap_ImgScraping/Guns_Colab90247ab35c.jpg
530,/content/drive/My Drive/Colab Notebooks/FinCap_ImgScraping/Guns_Colab90ed4c8a36.jpg
531,/content/drive/My Drive/Colab Notebooks/FinCap_ImgScraping/Guns_Colab916de927d4.jpg
532,/content/drive/My Drive/Colab Notebooks/FinCap_ImgScraping/Guns_Colab91e852e831.jpg
533,/content/drive/My Drive/Colab Notebooks/FinCap_ImgScraping/Guns_Colab91f2c408a8.jpg
534,/content/drive/My Drive/Colab Notebooks/FinCap_ImgScraping/Guns_Colab91fa8411d4.jpg
535,/content/drive/My Drive/Colab Notebooks/FinCap_ImgScraping/Guns_Colab923bf17851.jpg
536,/content/drive/My Drive/Colab Notebooks/FinCap_ImgScraping/Guns_Colab9345d90724.jpg
537,/content/drive/My Drive/Colab Notebooks/FinCap_ImgScraping/Guns_Colab934cee0aa4.jpg
538,/content/drive/My Drive/Colab Notebooks/FinCap_ImgScraping/Guns_Colab9359abb141.jpg
539,/content/drive/My Drive/Colab Notebooks/FinCap_ImgScraping/Guns_Colab944cc2fe5d.jpg
540,/content/drive/My Drive/Colab Notebooks/FinCap_ImgScraping/Guns_Colab94854bf859.jpg
541,/content/drive/My Drive/Colab Notebooks/FinCap_ImgScraping/Guns_Colab948a975fd5.jpg
542,/content/drive/My Drive/Colab Notebooks/FinCap_ImgScraping/Guns_Colab9494ea8eea.jpg
543,/content/drive/My Drive/Colab Notebooks/FinCap_ImgScraping/Guns_Colab94d6f1e471.jpg
544,/content/drive/My Drive/Colab Notebooks/FinCap_ImgScraping/Guns_Colab952423a0b8.jpg
545,/content/drive/My Drive/Colab Notebooks/FinCap_ImgScraping/Guns_Colab956feb4f94.jpg
546,/content/drive/My Drive/Colab Notebooks/FinCap_ImgScraping/Guns_Colab95804025cf.jpg
547,/content/drive/My Drive/Colab Notebooks/FinCap_ImgScraping/Guns_Colab958afe5cb1.jpg
548,/content/drive/My Drive/Colab Notebooks/FinCap_ImgScraping/Guns_Colab967e1abd34.jpg
549,/content/drive/My Drive/Colab Notebooks/FinCap_ImgScraping/Guns_Colab96c1b1d849.jpg
550,/content/drive/My Drive/Colab Notebooks/FinCap_ImgScraping/Guns_Colab96ccf5ff20.jpg
551,/content/drive/My Drive/Colab Notebooks/FinCap_ImgScraping/Guns_Colab96ea412256.jpg
552,/content/drive/My Drive/Colab Notebooks/FinCap_ImgScraping/Guns_Colab9713ced5a6.jpg
553,/content/drive/My Drive/Colab Notebooks/FinCap_ImgScraping/Guns_Colab97192a4d61.jpg
554,/content/drive/My Drive/Colab Notebooks/FinCap_ImgScraping/Guns_Colab9720d13b69.jpg
555,/content/drive/My Drive/Colab Notebooks/FinCap_ImgScraping/Guns_Colab97d37570e2.jpg
556,/content/drive/My Drive/Colab Notebooks/FinCap_ImgScraping/Guns_Colab97f7e74c1b.jpg
557,/content/drive/My Drive/Colab Notebooks/FinCap_ImgScraping/Guns_Colab98057f64c6.jpg
558,/content/drive/My Drive/Colab Notebooks/FinCap_ImgScraping/Guns_Colab983536c6c0.jpg
559,/content/drive/My Drive/Colab Notebooks/FinCap_ImgScraping/Guns_Colab98b06a4aaf.jpg
560,/content/drive/My Drive/Colab Notebooks/FinCap_ImgScraping/Guns_Colab990e6bb54f.jpg
561,/content/drive/My Drive/Colab Notebooks/FinCap_ImgScraping/Guns_Colab992df6a8e5.jpg
562,/content/drive/My Drive/Colab Notebooks/FinCap_ImgScraping/Guns_Colab998b760426.jpg
563,/content/drive/My Drive/Colab Notebooks/FinCap_ImgScraping/Guns_Colab9995ec80d0.jpg
564,/content/drive/My Drive/Colab Notebooks/FinCap_ImgScraping/Guns_Colab99c88d46c4.jpg
565,/content/drive/My Drive/Colab Notebooks/FinCap_ImgScraping/Guns_Colab9a25c191da.jpg
566,/content/drive/My Drive/Colab Notebooks/FinCap_ImgScraping/Guns_Colab9ac1ac1e70.jpg
567,/content/drive/My Drive/Colab Notebooks/FinCap_ImgScraping/Guns_Colab9aee807437.jpg
568,/content/drive/My Drive/Colab Notebooks/FinCap_ImgScraping/Guns_Colab9b54f55c47.jpg
569,/content/drive/My Drive/Colab Notebooks/FinCap_ImgScraping/Guns_Colab9b76bd0098.jpg
570,/content/drive/My Drive/Colab Notebooks/FinCap_ImgScraping/Guns_Colab9b8c5368b8.jpg
571,/content/drive/My Drive/Colab Notebooks/FinCap_ImgScraping/Guns_Colab9be678a8f4.jpg
572,/content/drive/My Drive/Colab Notebooks/FinCap_ImgScraping/Guns_Colab9bfb222b5b.jpg
573,/content/drive/My Drive/Colab Notebooks/FinCap_ImgScraping/Guns_Colab9c1a2148dd.jpg
574,/content/drive/My Drive/Colab Notebooks/FinCap_ImgScraping/Guns_Colab9c824fb904.jpg
575,/content/drive/My Drive/Colab Notebooks/FinCap_ImgScraping/Guns_Colab9cb49c4764.jpg
576,/content/drive/My Drive/Colab Notebooks/FinCap_ImgScraping/Guns_Colab9cd034690d.jpg
577,/content/drive/My Drive/Colab Notebooks/FinCap_ImgScraping/Guns_Colab9cda44b19a.jpg
578,/content/drive/My Drive/Colab Notebooks/FinCap_ImgScraping/Guns_Colab9cf5c74a51.jpg
579,/content/drive/My Drive/Colab Notebooks/FinCap_ImgScraping/Guns_Colab9d1cabffaf.jpg
580,/content/drive/My Drive/Colab Notebooks/FinCap_ImgScraping/Guns_Colab9d36098032.jpg
581,/content/drive/My Drive/Colab Notebooks/FinCap_ImgScraping/Guns_Colab9d40d859c2.jpg
582,/content/drive/My Drive/Colab Notebooks/FinCap_ImgScraping/Guns_Colab9d5b719967.jpg
583,/content/drive/My Drive/Colab Notebooks/FinCap_ImgScraping/Guns_Colab9dcfb747c7.jpg
584,/content/drive/My Drive/Colab Notebooks/FinCap_ImgScraping/Guns_Colab9e704faeae.jpg
585,/content/drive/My Drive/Colab Notebooks/FinCap_ImgScraping/Guns_Colab9e7cf4d7b2.jpg
586,/content/drive/My Drive/Colab Notebooks/FinCap_ImgScraping/Guns_Colab9ea39d785f.jpg
587,/content/drive/My Drive/Colab Notebooks/FinCap_ImgScraping/Guns_Colab9ead7f4348.jpg
588,/content/drive/My Drive/Colab Notebooks/FinCap_ImgScraping/Guns_Colab9ecf891101.jpg
589,/content/drive/My Drive/Colab Notebooks/FinCap_ImgScraping/Guns_Colab9ed3ba3124.jpg
590,/content/drive/My Drive/Colab Notebooks/FinCap_ImgScraping/Guns_Colab9f2f25c7bb.jpg
591,/content/drive/My Drive/Colab Notebooks/FinCap_ImgScraping/Guns_Colab9f356d4e72.jpg
592,/content/drive/My Drive/Colab Notebooks/FinCap_ImgScraping/Guns_Colab9f66bfba14.jpg
593,/content/drive/My Drive/Colab Notebooks/FinCap_ImgScraping/Guns_Colab9f77f08eb4.jpg
594,/content/drive/My Drive/Colab Notebooks/FinCap_ImgScraping/Guns_Colab9fe8d90532.jpg
595,/content/drive/My Drive/Colab Notebooks/FinCap_ImgScraping/Guns_Colaba024be0dc5.jpg
596,/content/drive/My Drive/Colab Notebooks/FinCap_ImgScraping/Guns_Colaba026f0ca90.jpg
597,/content/drive/My Drive/Colab Notebooks/FinCap_ImgScraping/Guns_Colaba06b742b52.jpg
598,/content/drive/My Drive/Colab Notebooks/FinCap_ImgScraping/Guns_Colaba06ed96fae.jpg
599,/content/drive/My Drive/Colab Notebooks/FinCap_ImgScraping/Guns_Colaba07454251d.jpg
600,/content/drive/My Drive/Colab Notebooks/FinCap_ImgScraping/Guns_Colaba092d29d93.jpg
601,/content/drive/My Drive/Colab Notebooks/FinCap_ImgScraping/Guns_Colaba0d425c529.jpg
602,/content/drive/My Drive/Colab Notebooks/FinCap_ImgScraping/Guns_Colaba107ac20e3.jpg
603,/content/drive/My Drive/Colab Notebooks/FinCap_ImgScraping/Guns_Colaba10d9f5662.jpg
604,/content/drive/My Drive/Colab Notebooks/FinCap_ImgScraping/Guns_Colaba12d0743f1.jpg
605,/content/drive/My Drive/Colab Notebooks/FinCap_ImgScraping/Guns_Colaba132d3cf8a.jpg
606,/content/drive/My Drive/Colab Notebooks/FinCap_ImgScraping/Guns_Colaba1668df04d.jpg
607,/content/drive/My Drive/Colab Notebooks/FinCap_ImgScraping/Guns_Colaba183feaac7.jpg
608,/content/drive/My Drive/Colab Notebooks/FinCap_ImgScraping/Guns_Colaba2350ab2d1.jpg
609,/content/drive/My Drive/Colab Notebooks/FinCap_ImgScraping/Guns_Colaba25ea66d9f.jpg
610,/content/drive/My Drive/Colab Notebooks/FinCap_ImgScraping/Guns_Colaba2e238cd28.jpg
611,/content/drive/My Drive/Colab Notebooks/FinCap_ImgScraping/Guns_Colaba2fa2f80b3.jpg
612,/content/drive/My Drive/Colab Notebooks/FinCap_ImgScraping/Guns_Colaba2fd01a35a.jpg
613,/content/drive/My Drive/Colab Notebooks/FinCap_ImgScraping/Guns_Colaba3611a6fc7.jpg
614,/content/drive/My Drive/Colab Notebooks/FinCap_ImgScraping/Guns_Colaba36a23c511.jpg
615,/content/drive/My Drive/Colab Notebooks/FinCap_ImgScraping/Guns_Colaba395476850.jpg
616,/content/drive/My Drive/Colab Notebooks/FinCap_ImgScraping/Guns_Colaba3f428f9ad.jpg
617,/content/drive/My Drive/Colab Notebooks/FinCap_ImgScraping/Guns_Colaba41b9ac26d.jpg
618,/content/drive/My Drive/Colab Notebooks/FinCap_ImgScraping/Guns_Colaba4741df719.jpg
619,/content/drive/My Drive/Colab Notebooks/FinCap_ImgScraping/Guns_Colaba485493d51.jpg
620,/content/drive/My Drive/Colab Notebooks/FinCap_ImgScraping/Guns_Colaba488cbc6ce.jpg
621,/content/drive/My Drive/Colab Notebooks/FinCap_ImgScraping/Guns_Colaba48adfe938.jpg
622,/content/drive/My Drive/Colab Notebooks/FinCap_ImgScraping/Guns_Colaba4dd50528a.jpg
623,/content/drive/My Drive/Colab Notebooks/FinCap_ImgScraping/Guns_Colaba4ff939000.jpg
624,/content/drive/My Drive/Colab Notebooks/FinCap_ImgScraping/Guns_Colaba5630b6cfb.jpg
625,/content/drive/My Drive/Colab Notebooks/FinCap_ImgScraping/Guns_Colaba5f53932fa.jpg
626,/content/drive/My Drive/Colab Notebooks/FinCap_ImgScraping/Guns_Colaba5fe8f9872.jpg
627,/content/drive/My Drive/Colab Notebooks/FinCap_ImgScraping/Guns_Colaba63e21d41d.jpg
628,/content/drive/My Drive/Colab Notebooks/FinCap_ImgScraping/Guns_Colaba687a9b408.jpg
629,/content/drive/My Drive/Colab Notebooks/FinCap_ImgScraping/Guns_Colaba6dbbafc21.jpg
630,/content/drive/My Drive/Colab Notebooks/FinCap_ImgScraping/Guns_Colaba70c311605.jpg
631,/content/drive/My Drive/Colab Notebooks/FinCap_ImgScraping/Guns_Colaba744979eed.jpg
632,/content/drive/My Drive/Colab Notebooks/FinCap_ImgScraping/Guns_Colaba7d929c908.jpg
633,/content/drive/My Drive/Colab Notebooks/FinCap_ImgScraping/Guns_Colaba7e3e992fa.jpg
634,/content/drive/My Drive/Colab Notebooks/FinCap_ImgScraping/Guns_Colaba7f7b071a1.jpg
635,/content/drive/My Drive/Colab Notebooks/FinCap_ImgScraping/Guns_Colaba82d0b8701.jpg
636,/content/drive/My Drive/Colab Notebooks/FinCap_ImgScraping/Guns_Colaba88a0fcbfe.jpg
637,/content/drive/My Drive/Colab Notebooks/FinCap_ImgScraping/Guns_Colaba8afdb1b2a.jpg
638,/content/drive/My Drive/Colab Notebooks/FinCap_ImgScraping/Guns_Colaba96158e3a6.jpg
639,/content/drive/My Drive/Colab Notebooks/FinCap_ImgScraping/Guns_Colaba97255afb9.jpg
640,/content/drive/My Drive/Colab Notebooks/FinCap_ImgScraping/Guns_Colaba9e83d0d72.jpg
641,/content/drive/My Drive/Colab Notebooks/FinCap_ImgScraping/Guns_Colabaa33fb7bcb.jpg
642,/content/drive/My Drive/Colab Notebooks/FinCap_ImgScraping/Guns_Colabaa5a2cf086.jpg
643,/content/drive/My Drive/Colab Notebooks/FinCap_ImgScraping/Guns_Colabaa9b748f22.jpg
644,/content/drive/My Drive/Colab Notebooks/FinCap_ImgScraping/Guns_Colabaaedd72d21.jpg
645,/content/drive/My Drive/Colab Notebooks/FinCap_ImgScraping/Guns_Colabaaf8805108.jpg
646,/content/drive/My Drive/Colab Notebooks/FinCap_ImgScraping/Guns_Colabab115b28d2.jpg
647,/content/drive/My Drive/Colab Notebooks/FinCap_ImgScraping/Guns_Colabab9190b05f.jpg
648,/content/drive/My Drive/Colab Notebooks/FinCap_ImgScraping/Guns_Colabac1c288ab9.jpg
649,/content/drive/My Drive/Colab Notebooks/FinCap_ImgScraping/Guns_Colabaca3f497bd.jpg
650,/content/drive/My Drive/Colab Notebooks/FinCap_ImgScraping/Guns_Colabace3c4ad36.jpg
651,/content/drive/My Drive/Colab Notebooks/FinCap_ImgScraping/Guns_Colabad02ad6f68.jpg
652,/content/drive/My Drive/Colab Notebooks/FinCap_ImgScraping/Guns_Colabad1cb279c2.jpg
653,/content/drive/My Drive/Colab Notebooks/FinCap_ImgScraping/Guns_Colabadd7aab6ee.jpg
654,/content/drive/My Drive/Colab Notebooks/FinCap_ImgScraping/Guns_Colabae2718be88.jpg
655,/content/drive/My Drive/Colab Notebooks/FinCap_ImgScraping/Guns_Colabaf3be4ab9c.jpg
656,/content/drive/My Drive/Colab Notebooks/FinCap_ImgScraping/Guns_Colabafea551031.jpg
657,/content/drive/My Drive/Colab Notebooks/FinCap_ImgScraping/Guns_Colabb00927a483.jpg
658,/content/drive/My Drive/Colab Notebooks/FinCap_ImgScraping/Guns_Colabb09e97ec54.jpg
659,/content/drive/My Drive/Colab Notebooks/FinCap_ImgScraping/Guns_Colabb0c0af6a95.jpg
660,/content/drive/My Drive/Colab Notebooks/FinCap_ImgScraping/Guns_Colabb0cefcd7d0.jpg
661,/content/drive/My Drive/Colab Notebooks/FinCap_ImgScraping/Guns_Colabb0e3f6cd60.jpg
662,/content/drive/My Drive/Colab Notebooks/FinCap_ImgScraping/Guns_Colabb147494bed.jpg
663,/content/drive/My Drive/Colab Notebooks/FinCap_ImgScraping/Guns_Colabb162505b26.jpg
664,/content/drive/My Drive/Colab Notebooks/FinCap_ImgScraping/Guns_Colabb16da61d0a.jpg
665,/content/drive/My Drive/Colab Notebooks/FinCap_ImgScraping/Guns_Colabb18ca2c9d2.jpg
666,/content/drive/My Drive/Colab Notebooks/FinCap_ImgScraping/Guns_Colabb1a82efcc1.jpg
667,/content/drive/My Drive/Colab Notebooks/FinCap_ImgScraping/Guns_Colabb1ab03a145.jpg
668,/content/drive/My Drive/Colab Notebooks/FinCap_ImgScraping/Guns_Colabb200365941.jpg
669,/content/drive/My Drive/Colab Notebooks/FinCap_ImgScraping/Guns_Colabb240c6864b.jpg
670,/content/drive/My Drive/Colab Notebooks/FinCap_ImgScraping/Guns_Colabb2511c4dd2.jpg
671,/content/drive/My Drive/Colab Notebooks/FinCap_ImgScraping/Guns_Colabb2a2e7895b.jpg
672,/content/drive/My Drive/Colab Notebooks/FinCap_ImgScraping/Guns_Colabb2a98944d1.jpg
673,/content/drive/My Drive/Colab Notebooks/FinCap_ImgScraping/Guns_Colabb2d74fa78c.jpg
674,/content/drive/My Drive/Colab Notebooks/FinCap_ImgScraping/Guns_Colabb2ec027e5c.jpg
675,/content/drive/My Drive/Colab Notebooks/FinCap_ImgScraping/Guns_Colabb35871f583.jpg
676,/content/drive/My Drive/Colab Notebooks/FinCap_ImgScraping/Guns_Colabb35ba69e94.jpg
677,/content/drive/My Drive/Colab Notebooks/FinCap_ImgScraping/Guns_Colabb35d3ed6f7.jpg
678,/content/drive/My Drive/Colab Notebooks/FinCap_ImgScraping/Guns_Colabb37b4771c5.jpg
679,/content/drive/My Drive/Colab Notebooks/FinCap_ImgScraping/Guns_Colabb37c1cb262.jpg
680,/content/drive/My Drive/Colab Notebooks/FinCap_ImgScraping/Guns_Colabb436adebf3.jpg
681,/content/drive/My Drive/Colab Notebooks/FinCap_ImgScraping/Guns_Colabb4fb2656f9.jpg
682,/content/drive/My Drive/Colab Notebooks/FinCap_ImgScraping/Guns_Colabb5142793cc.jpg
683,/content/drive/My Drive/Colab Notebooks/FinCap_ImgScraping/Guns_Colabb540720062.jpg
684,/content/drive/My Drive/Colab Notebooks/FinCap_ImgScraping/Guns_Colabb56419c9e4.jpg
685,/content/drive/My Drive/Colab Notebooks/FinCap_ImgScraping/Guns_Colabb583279bb7.jpg
686,/content/drive/My Drive/Colab Notebooks/FinCap_ImgScraping/Guns_Colabb5cba1d91b.jpg
687,/content/drive/My Drive/Colab Notebooks/FinCap_ImgScraping/Guns_Colabb5d2b9ce33.jpg
688,/content/drive/My Drive/Colab Notebooks/FinCap_ImgScraping/Guns_Colabb5ef102beb.jpg
689,/content/drive/My Drive/Colab Notebooks/FinCap_ImgScraping/Guns_Colabb60d2a9ec5.jpg
690,/content/drive/My Drive/Colab Notebooks/FinCap_ImgScraping/Guns_Colabb61aa5c02a.jpg
691,/content/drive/My Drive/Colab Notebooks/FinCap_ImgScraping/Guns_Colabb640732a96.jpg
692,/content/drive/My Drive/Colab Notebooks/FinCap_ImgScraping/Guns_Colabb65fea240d.jpg
693,/content/drive/My Drive/Colab Notebooks/FinCap_ImgScraping/Guns_Colabb678b85282.jpg
694,/content/drive/My Drive/Colab Notebooks/FinCap_ImgScraping/Guns_Colabb6c06c0bcb.jpg
695,/content/drive/My Drive/Colab Notebooks/FinCap_ImgScraping/Guns_Colabb6f918d808.jpg
696,/content/drive/My Drive/Colab Notebooks/FinCap_ImgScraping/Guns_Colabb702a0e894.jpg
697,/content/drive/My Drive/Colab Notebooks/FinCap_ImgScraping/Guns_Colabb7604e5cf4.jpg
698,/content/drive/My Drive/Colab Notebooks/FinCap_ImgScraping/Guns_Colabb7766a5f1c.jpg
699,/content/drive/My Drive/Colab Notebooks/FinCap_ImgScraping/Guns_Colabb78323fc34.jpg
700,/content/drive/My Drive/Colab Notebooks/FinCap_ImgScraping/Guns_Colabb797b68e70.jpg
701,/content/drive/My Drive/Colab Notebooks/FinCap_ImgScraping/Guns_Colabb7cec11c35.jpg
702,/content/drive/My Drive/Colab Notebooks/FinCap_ImgScraping/Guns_Colabb7fef8b0ba.jpg
703,/content/drive/My Drive/Colab Notebooks/FinCap_ImgScraping/Guns_Colabb81b9422a5.jpg
704,/content/drive/My Drive/Colab Notebooks/FinCap_ImgScraping/Guns_Colabb83c99e31f.jpg
705,/content/drive/My Drive/Colab Notebooks/FinCap_ImgScraping/Guns_Colabb86c7124ee.jpg
706,/content/drive/My Drive/Colab Notebooks/FinCap_ImgScraping/Guns_Colabb874acab58.jpg
707,/content/drive/My Drive/Colab Notebooks/FinCap_ImgScraping/Guns_Colabb8a64f55ef.jpg
708,/content/drive/My Drive/Colab Notebooks/FinCap_ImgScraping/Guns_Colabb922910479.jpg
709,/content/drive/My Drive/Colab Notebooks/FinCap_ImgScraping/Guns_Colabb98a9a288c.jpg
710,/content/drive/My Drive/Colab Notebooks/FinCap_ImgScraping/Guns_Colabb99f767bcb.jpg
711,/content/drive/My Drive/Colab Notebooks/FinCap_ImgScraping/Guns_Colabb9a061cb4f.jpg
712,/content/drive/My Drive/Colab Notebooks/FinCap_ImgScraping/Guns_Colabbaafef08a8.jpg
713,/content/drive/My Drive/Colab Notebooks/FinCap_ImgScraping/Guns_Colabbac14a4bd7.jpg
714,/content/drive/My Drive/Colab Notebooks/FinCap_ImgScraping/Guns_Colabbae1dc270d.jpg
715,/content/drive/My Drive/Colab Notebooks/FinCap_ImgScraping/Guns_Colabbafba74f94.jpg
716,/content/drive/My Drive/Colab Notebooks/FinCap_ImgScraping/Guns_Colabbb15b2a1ce.jpg
717,/content/drive/My Drive/Colab Notebooks/FinCap_ImgScraping/Guns_Colabbc2d0255fa.jpg
718,/content/drive/My Drive/Colab Notebooks/FinCap_ImgScraping/Guns_Colabbd2cb83c45.jpg
719,/content/drive/My Drive/Colab Notebooks/FinCap_ImgScraping/Guns_Colabbdc0de8498.jpg
720,/content/drive/My Drive/Colab Notebooks/FinCap_ImgScraping/Guns_Colabbe92fb0deb.jpg
721,/content/drive/My Drive/Colab Notebooks/FinCap_ImgScraping/Guns_Colabbeb95230cd.jpg
722,/content/drive/My Drive/Colab Notebooks/FinCap_ImgScraping/Guns_Colabbf08ebb511.jpg
723,/content/drive/My Drive/Colab Notebooks/FinCap_ImgScraping/Guns_Colabbf4415b0ab.jpg
724,/content/drive/My Drive/Colab Notebooks/FinCap_ImgScraping/Guns_Colabbf4e0eee25.jpg
725,/content/drive/My Drive/Colab Notebooks/FinCap_ImgScraping/Guns_Colabbf4ebdb123.jpg
726,/content/drive/My Drive/Colab Notebooks/FinCap_ImgScraping/Guns_Colabbfa9bb04f5.jpg
727,/content/drive/My Drive/Colab Notebooks/FinCap_ImgScraping/Guns_Colabbfe0bff5eb.jpg
728,/content/drive/My Drive/Colab Notebooks/FinCap_ImgScraping/Guns_Colabc02f19d9f6.jpg
729,/content/drive/My Drive/Colab Notebooks/FinCap_ImgScraping/Guns_Colabc031ea9549.jpg
730,/content/drive/My Drive/Colab Notebooks/FinCap_ImgScraping/Guns_Colabc07b45dee5.jpg
731,/content/drive/My Drive/Colab Notebooks/FinCap_ImgScraping/Guns_Colabc07b99fdbd.jpg
732,/content/drive/My Drive/Colab Notebooks/FinCap_ImgScraping/Guns_Colabc09de7d16f.jpg
733,/content/drive/My Drive/Colab Notebooks/FinCap_ImgScraping/Guns_Colabc0ac7bcc0c.jpg
734,/content/drive/My Drive/Colab Notebooks/FinCap_ImgScraping/Guns_Colabc10659b9ae.jpg
735,/content/drive/My Drive/Colab Notebooks/FinCap_ImgScraping/Guns_Colabc11038a692.jpg
736,/content/drive/My Drive/Colab Notebooks/FinCap_ImgScraping/Guns_Colabc15e30ffc5.jpg
737,/content/drive/My Drive/Colab Notebooks/FinCap_ImgScraping/Guns_Colabc17457c075.jpg
738,/content/drive/My Drive/Colab Notebooks/FinCap_ImgScraping/Guns_Colabc1a2acae18.jpg
739,/content/drive/My Drive/Colab Notebooks/FinCap_ImgScraping/Guns_Colabc1a438d1e2.jpg
740,/content/drive/My Drive/Colab Notebooks/FinCap_ImgScraping/Guns_Colabc2660cd87a.jpg
741,/content/drive/My Drive/Colab Notebooks/FinCap_ImgScraping/Guns_Colabc26eca0a98.jpg
742,/content/drive/My Drive/Colab Notebooks/FinCap_ImgScraping/Guns_Colabc2935d1381.jpg
743,/content/drive/My Drive/Colab Notebooks/FinCap_ImgScraping/Guns_Colabc2ea0ad458.jpg
744,/content/drive/My Drive/Colab Notebooks/FinCap_ImgScraping/Guns_Colabc2ea45b36d.jpg
745,/content/drive/My Drive/Colab Notebooks/FinCap_ImgScraping/Guns_Colabc304a7f07f.jpg
746,/content/drive/My Drive/Colab Notebooks/FinCap_ImgScraping/Guns_Colabc327318400.jpg
747,/content/drive/My Drive/Colab Notebooks/FinCap_ImgScraping/Guns_Colabc338e30666.jpg
748,/content/drive/My Drive/Colab Notebooks/FinCap_ImgScraping/Guns_Colabc34c6ac9f4.jpg
749,/content/drive/My Drive/Colab Notebooks/FinCap_ImgScraping/Guns_Colabc3b37c7e55.jpg
750,/content/drive/My Drive/Colab Notebooks/FinCap_ImgScraping/Guns_Colabc3bdee27f6.jpg
751,/content/drive/My Drive/Colab Notebooks/FinCap_ImgScraping/Guns_Colabc3f4bb2028.jpg
752,/content/drive/My Drive/Colab Notebooks/FinCap_ImgScraping/Guns_Colabc404c6b88f.jpg
753,/content/drive/My Drive/Colab Notebooks/FinCap_ImgScraping/Guns_Colabc4bbeb085a.jpg
754,/content/drive/My Drive/Colab Notebooks/FinCap_ImgScraping/Guns_Colabc4c4a10a55.jpg
755,/content/drive/My Drive/Colab Notebooks/FinCap_ImgScraping/Guns_Colabc4e885a4ca.jpg
756,/content/drive/My Drive/Colab Notebooks/FinCap_ImgScraping/Guns_Colabc4e9daa773.jpg
757,/content/drive/My Drive/Colab Notebooks/FinCap_ImgScraping/Guns_Colabc57d795e36.jpg
758,/content/drive/My Drive/Colab Notebooks/FinCap_ImgScraping/Guns_Colabc59a77551c.jpg
759,/content/drive/My Drive/Colab Notebooks/FinCap_ImgScraping/Guns_Colabc5b4c62ec5.jpg
760,/content/drive/My Drive/Colab Notebooks/FinCap_ImgScraping/Guns_Colabc602f2247e.jpg
761,/content/drive/My Drive/Colab Notebooks/FinCap_ImgScraping/Guns_Colabc7140298d9.jpg
762,/content/drive/My Drive/Colab Notebooks/FinCap_ImgScraping/Guns_Colabc757d08c36.jpg
763,/content/drive/My Drive/Colab Notebooks/FinCap_ImgScraping/Guns_Colabc783b84199.jpg
764,/content/drive/My Drive/Colab Notebooks/FinCap_ImgScraping/Guns_Colabc78613fdcb.jpg
765,/content/drive/My Drive/Colab Notebooks/FinCap_ImgScraping/Guns_Colabc7964817a4.jpg
766,/content/drive/My Drive/Colab Notebooks/FinCap_ImgScraping/Guns_Colabc7cd85891c.jpg
767,/content/drive/My Drive/Colab Notebooks/FinCap_ImgScraping/Guns_Colabc828e37249.jpg
768,/content/drive/My Drive/Colab Notebooks/FinCap_ImgScraping/Guns_Colabc869c329a0.jpg
769,/content/drive/My Drive/Colab Notebooks/FinCap_ImgScraping/Guns_Colabc8e7fd1117.jpg
770,/content/drive/My Drive/Colab Notebooks/FinCap_ImgScraping/Guns_Colabc942a3cd7d.jpg
771,/content/drive/My Drive/Colab Notebooks/FinCap_ImgScraping/Guns_Colabc9795b5d7a.jpg
772,/content/drive/My Drive/Colab Notebooks/FinCap_ImgScraping/Guns_Colabc9873956b8.jpg
773,/content/drive/My Drive/Colab Notebooks/FinCap_ImgScraping/Guns_Colabc99504054b.jpg
774,/content/drive/My Drive/Colab Notebooks/FinCap_ImgScraping/Guns_Colabc9be51ae84.jpg
775,/content/drive/My Drive/Colab Notebooks/FinCap_ImgScraping/Guns_Colabc9fd5bc278.jpg
776,/content/drive/My Drive/Colab Notebooks/FinCap_ImgScraping/Guns_Colabca4da4bfb4.jpg
777,/content/drive/My Drive/Colab Notebooks/FinCap_ImgScraping/Guns_Colabcb58cde90d.jpg
778,/content/drive/My Drive/Colab Notebooks/FinCap_ImgScraping/Guns_Colabcd954a0fb3.jpg
779,/content/drive/My Drive/Colab Notebooks/FinCap_ImgScraping/Guns_Colabcd9e4e9856.jpg
780,/content/drive/My Drive/Colab Notebooks/FinCap_ImgScraping/Guns_Colabce4ab20681.jpg
781,/content/drive/My Drive/Colab Notebooks/FinCap_ImgScraping/Guns_Colabce68e58a6a.jpg
782,/content/drive/My Drive/Colab Notebooks/FinCap_ImgScraping/Guns_Colabce8e826eee.jpg
783,/content/drive/My Drive/Colab Notebooks/FinCap_ImgScraping/Guns_Colabceb612c5f5.jpg
784,/content/drive/My Drive/Colab Notebooks/FinCap_ImgScraping/Guns_Colabcec9fc65a7.jpg
785,/content/drive/My Drive/Colab Notebooks/FinCap_ImgScraping/Guns_Colabcee3f5fbab.jpg
786,/content/drive/My Drive/Colab Notebooks/FinCap_ImgScraping/Guns_Colabcf190553ca.jpg
787,/content/drive/My Drive/Colab Notebooks/FinCap_ImgScraping/Guns_Colabcf6a24c381.jpg
788,/content/drive/My Drive/Colab Notebooks/FinCap_ImgScraping/Guns_Colabcf79088886.jpg
789,/content/drive/My Drive/Colab Notebooks/FinCap_ImgScraping/Guns_Colabcfd1cb6c34.jpg
790,/content/drive/My Drive/Colab Notebooks/FinCap_ImgScraping/Guns_Colabcfe090ddfd.jpg
791,/content/drive/My Drive/Colab Notebooks/FinCap_ImgScraping/Guns_Colabd094ea65d5.jpg
792,/content/drive/My Drive/Colab Notebooks/FinCap_ImgScraping/Guns_Colabd0be99044b.jpg
793,/content/drive/My Drive/Colab Notebooks/FinCap_ImgScraping/Guns_Colabd0c4353f37.jpg
794,/content/drive/My Drive/Colab Notebooks/FinCap_ImgScraping/Guns_Colabd0d063f9fa.jpg
795,/content/drive/My Drive/Colab Notebooks/FinCap_ImgScraping/Guns_Colabd160472912.jpg
796,/content/drive/My Drive/Colab Notebooks/FinCap_ImgScraping/Guns_Colabd16acb1812.jpg
797,/content/drive/My Drive/Colab Notebooks/FinCap_ImgScraping/Guns_Colabd17eb42af4.jpg
798,/content/drive/My Drive/Colab Notebooks/FinCap_ImgScraping/Guns_Colabd1c8b9c0f0.jpg
799,/content/drive/My Drive/Colab Notebooks/FinCap_ImgScraping/Guns_Colabd1cada635a.jpg
800,/content/drive/My Drive/Colab Notebooks/FinCap_ImgScraping/Guns_Colabd1da3297cc.jpg
801,/content/drive/My Drive/Colab Notebooks/FinCap_ImgScraping/Guns_Colabd1f35488c5.jpg
802,/content/drive/My Drive/Colab Notebooks/FinCap_ImgScraping/Guns_Colabd207f99200.jpg
803,/content/drive/My Drive/Colab Notebooks/FinCap_ImgScraping/Guns_Colabd20ab9031f.jpg
804,/content/drive/My Drive/Colab Notebooks/FinCap_ImgScraping/Guns_Colabd257b98e68.jpg
805,/content/drive/My Drive/Colab Notebooks/FinCap_ImgScraping/Guns_Colabd26d57fe75.jpg
806,/content/drive/My Drive/Colab Notebooks/FinCap_ImgScraping/Guns_Colabd27888dd7d.jpg
807,/content/drive/My Drive/Colab Notebooks/FinCap_ImgScraping/Guns_Colabd27f5098b8.jpg
808,/content/drive/My Drive/Colab Notebooks/FinCap_ImgScraping/Guns_Colabd2a32be178.jpg
809,/content/drive/My Drive/Colab Notebooks/FinCap_ImgScraping/Guns_Colabd2cfc0adc7.jpg
810,/content/drive/My Drive/Colab Notebooks/FinCap_ImgScraping/Guns_Colabd2d78697ab.jpg
811,/content/drive/My Drive/Colab Notebooks/FinCap_ImgScraping/Guns_Colabd2df4b052d.jpg
812,/content/drive/My Drive/Colab Notebooks/FinCap_ImgScraping/Guns_Colabd363b6cd78.jpg
813,/content/drive/My Drive/Colab Notebooks/FinCap_ImgScraping/Guns_Colabd39b98bd7e.jpg
814,/content/drive/My Drive/Colab Notebooks/FinCap_ImgScraping/Guns_Colabd3af901da7.jpg
815,/content/drive/My Drive/Colab Notebooks/FinCap_ImgScraping/Guns_Colabd3ba6bde46.jpg
816,/content/drive/My Drive/Colab Notebooks/FinCap_ImgScraping/Guns_Colabd474a13100.jpg
817,/content/drive/My Drive/Colab Notebooks/FinCap_ImgScraping/Guns_Colabd4ce4f3fbf.jpg
818,/content/drive/My Drive/Colab Notebooks/FinCap_ImgScraping/Guns_Colabd5314f40cb.jpg
819,/content/drive/My Drive/Colab Notebooks/FinCap_ImgScraping/Guns_Colabd58145b8c6.jpg
820,/content/drive/My Drive/Colab Notebooks/FinCap_ImgScraping/Guns_Colabd585c5e7d7.jpg
821,/content/drive/My Drive/Colab Notebooks/FinCap_ImgScraping/Guns_Colabd5912b7a8b.jpg
822,/content/drive/My Drive/Colab Notebooks/FinCap_ImgScraping/Guns_Colabd5e3c1038e.jpg
823,/content/drive/My Drive/Colab Notebooks/FinCap_ImgScraping/Guns_Colabd6212b6f5d.jpg
824,/content/drive/My Drive/Colab Notebooks/FinCap_ImgScraping/Guns_Colabd62a979627.jpg
825,/content/drive/My Drive/Colab Notebooks/FinCap_ImgScraping/Guns_Colabd63f643943.jpg
826,/content/drive/My Drive/Colab Notebooks/FinCap_ImgScraping/Guns_Colabd6466fb6f8.jpg
827,/content/drive/My Drive/Colab Notebooks/FinCap_ImgScraping/Guns_Colabd6795ffa2e.jpg
828,/content/drive/My Drive/Colab Notebooks/FinCap_ImgScraping/Guns_Colabd6e9c9b2dd.jpg
829,/content/drive/My Drive/Colab Notebooks/FinCap_ImgScraping/Guns_Colabd737f188f6.jpg
830,/content/drive/My Drive/Colab Notebooks/FinCap_ImgScraping/Guns_Colabd7aa77d5b1.jpg
831,/content/drive/My Drive/Colab Notebooks/FinCap_ImgScraping/Guns_Colabd7b83dc1e1.jpg
832,/content/drive/My Drive/Colab Notebooks/FinCap_ImgScraping/Guns_Colabd7be2082cf.jpg
833,/content/drive/My Drive/Colab Notebooks/FinCap_ImgScraping/Guns_Colabd7cdc25001.jpg
834,/content/drive/My Drive/Colab Notebooks/FinCap_ImgScraping/Guns_Colabd8150eeb1d.jpg
835,/content/drive/My Drive/Colab Notebooks/FinCap_ImgScraping/Guns_Colabd824e5559b.jpg
836,/content/drive/My Drive/Colab Notebooks/FinCap_ImgScraping/Guns_Colabd8312d629e.jpg
837,/content/drive/My Drive/Colab Notebooks/FinCap_ImgScraping/Guns_Colabd85606a754.jpg
838,/content/drive/My Drive/Colab Notebooks/FinCap_ImgScraping/Guns_Colabd8ef9d06bd.jpg
839,/content/drive/My Drive/Colab Notebooks/FinCap_ImgScraping/Guns_Colabd9a275939f.jpg
840,/content/drive/My Drive/Colab Notebooks/FinCap_ImgScraping/Guns_Colabda221677df.jpg
841,/content/drive/My Drive/Colab Notebooks/FinCap_ImgScraping/Guns_Colabda4a8b95f5.jpg
842,/content/drive/My Drive/Colab Notebooks/FinCap_ImgScraping/Guns_Colabda4c783927.jpg
843,/content/drive/My Drive/Colab Notebooks/FinCap_ImgScraping/Guns_Colabdb6c8874b6.jpg
844,/content/drive/My Drive/Colab Notebooks/FinCap_ImgScraping/Guns_Colabdbbe5c6e9d.jpg
845,/content/drive/My Drive/Colab Notebooks/FinCap_ImgScraping/Guns_Colabdbe1e769dd.jpg
846,/content/drive/My Drive/Colab Notebooks/FinCap_ImgScraping/Guns_Colabdc824ccab1.jpg
847,/content/drive/My Drive/Colab Notebooks/FinCap_ImgScraping/Guns_Colabdd27a49f16.jpg
848,/content/drive/My Drive/Colab Notebooks/FinCap_ImgScraping/Guns_Colabdd6714d936.jpg
849,/content/drive/My Drive/Colab Notebooks/FinCap_ImgScraping/Guns_Colabde3b5d0b21.jpg
850,/content/drive/My Drive/Colab Notebooks/FinCap_ImgScraping/Guns_Colabdf47b39688.jpg
851,/content/drive/My Drive/Colab Notebooks/FinCap_ImgScraping/Guns_Colabdf4cbe8859.jpg
852,/content/drive/My Drive/Colab Notebooks/FinCap_ImgScraping/Guns_Colabdf649c3e50.jpg
853,/content/drive/My Drive/Colab Notebooks/FinCap_ImgScraping/Guns_Colabdf71e36cdc.jpg
854,/content/drive/My Drive/Colab Notebooks/FinCap_ImgScraping/Guns_Colabe02713e202.jpg
855,/content/drive/My Drive/Colab Notebooks/FinCap_ImgScraping/Guns_Colabe03974804a.jpg
856,/content/drive/My Drive/Colab Notebooks/FinCap_ImgScraping/Guns_Colabe1565cbf59.jpg
857,/content/drive/My Drive/Colab Notebooks/FinCap_ImgScraping/Guns_Colabe1c2bf53cd.jpg
858,/content/drive/My Drive/Colab Notebooks/FinCap_ImgScraping/Guns_Colabe2510e0490.jpg
859,/content/drive/My Drive/Colab Notebooks/FinCap_ImgScraping/Guns_Colabe2708dcb29.jpg
860,/content/drive/My Drive/Colab Notebooks/FinCap_ImgScraping/Guns_Colabe27f9a420a.jpg
861,/content/drive/My Drive/Colab Notebooks/FinCap_ImgScraping/Guns_Colabe28af07c86.jpg
862,/content/drive/My Drive/Colab Notebooks/FinCap_ImgScraping/Guns_Colabe3822fa4df.jpg
863,/content/drive/My Drive/Colab Notebooks/FinCap_ImgScraping/Guns_Colabe3c0a43d7d.jpg
864,/content/drive/My Drive/Colab Notebooks/FinCap_ImgScraping/Guns_Colabe3c2c6a226.jpg
865,/content/drive/My Drive/Colab Notebooks/FinCap_ImgScraping/Guns_Colabe3ea280eb6.jpg
866,/content/drive/My Drive/Colab Notebooks/FinCap_ImgScraping/Guns_Colabe40b939c43.jpg
867,/content/drive/My Drive/Colab Notebooks/FinCap_ImgScraping/Guns_Colabe48ec0cb7f.jpg
868,/content/drive/My Drive/Colab Notebooks/FinCap_ImgScraping/Guns_Colabe4d74b8fd1.jpg
869,/content/drive/My Drive/Colab Notebooks/FinCap_ImgScraping/Guns_Colabe5198c9e2c.jpg
870,/content/drive/My Drive/Colab Notebooks/FinCap_ImgScraping/Guns_Colabe5425a0927.jpg
871,/content/drive/My Drive/Colab Notebooks/FinCap_ImgScraping/Guns_Colabe5aaa7cc66.jpg
872,/content/drive/My Drive/Colab Notebooks/FinCap_ImgScraping/Guns_Colabe5b68b8555.jpg
873,/content/drive/My Drive/Colab Notebooks/FinCap_ImgScraping/Guns_Colabe5ebb6050d.jpg
874,/content/drive/My Drive/Colab Notebooks/FinCap_ImgScraping/Guns_Colabe5eddfb693.jpg
875,/content/drive/My Drive/Colab Notebooks/FinCap_ImgScraping/Guns_Colabe60ec5d6aa.jpg
876,/content/drive/My Drive/Colab Notebooks/FinCap_ImgScraping/Guns_Colabe692607815.jpg
877,/content/drive/My Drive/Colab Notebooks/FinCap_ImgScraping/Guns_Colabe6b3d7549c.jpg
878,/content/drive/My Drive/Colab Notebooks/FinCap_ImgScraping/Guns_Colabe71110ba06.jpg
879,/content/drive/My Drive/Colab Notebooks/FinCap_ImgScraping/Guns_Colabe7168f3fd2.jpg
880,/content/drive/My Drive/Colab Notebooks/FinCap_ImgScraping/Guns_Colabe73147aa27.jpg
881,/content/drive/My Drive/Colab Notebooks/FinCap_ImgScraping/Guns_Colabe7409e25ea.jpg
882,/content/drive/My Drive/Colab Notebooks/FinCap_ImgScraping/Guns_Colabe7b839344e.jpg
883,/content/drive/My Drive/Colab Notebooks/FinCap_ImgScraping/Guns_Colabe7c5636480.jpg
884,/content/drive/My Drive/Colab Notebooks/FinCap_ImgScraping/Guns_Colabe7dc3b4d7a.jpg
885,/content/drive/My Drive/Colab Notebooks/FinCap_ImgScraping/Guns_Colabe91faea6b8.jpg
886,/content/drive/My Drive/Colab Notebooks/FinCap_ImgScraping/Guns_Colabe98b410ac1.jpg
887,/content/drive/My Drive/Colab Notebooks/FinCap_ImgScraping/Guns_Colabe9901b4856.jpg
888,/content/drive/My Drive/Colab Notebooks/FinCap_ImgScraping/Guns_Colabe9edc2a233.jpg
889,/content/drive/My Drive/Colab Notebooks/FinCap_ImgScraping/Guns_Colabea76e278e7.jpg
890,/content/drive/My Drive/Colab Notebooks/FinCap_ImgScraping/Guns_Colabeaa6373ad1.jpg
891,/content/drive/My Drive/Colab Notebooks/FinCap_ImgScraping/Guns_Colabeb35203bf4.jpg
892,/content/drive/My Drive/Colab Notebooks/FinCap_ImgScraping/Guns_Colabeb58569b64.jpg
893,/content/drive/My Drive/Colab Notebooks/FinCap_ImgScraping/Guns_Colabec62cff7e4.jpg
894,/content/drive/My Drive/Colab Notebooks/FinCap_ImgScraping/Guns_Colabecb512f4df.jpg
895,/content/drive/My Drive/Colab Notebooks/FinCap_ImgScraping/Guns_Colabed08ad4c27.jpg
896,/content/drive/My Drive/Colab Notebooks/FinCap_ImgScraping/Guns_Colabed15a6becc.jpg
897,/content/drive/My Drive/Colab Notebooks/FinCap_ImgScraping/Guns_Colabed1cb7bded.jpg
898,/content/drive/My Drive/Colab Notebooks/FinCap_ImgScraping/Guns_Colabed32eba376.jpg
899,/content/drive/My Drive/Colab Notebooks/FinCap_ImgScraping/Guns_Colabed3f0498e9.jpg
900,/content/drive/My Drive/Colab Notebooks/FinCap_ImgScraping/Guns_Colabed8d3d443e.jpg
901,/content/drive/My Drive/Colab Notebooks/FinCap_ImgScraping/Guns_Colabedc25dd8cf.jpg
902,/content/drive/My Drive/Colab Notebooks/FinCap_ImgScraping/Guns_Colabedda9c3da5.jpg
903,/content/drive/My Drive/Colab Notebooks/FinCap_ImgScraping/Guns_Colabedfbc09ef0.jpg
904,/content/drive/My Drive/Colab Notebooks/FinCap_ImgScraping/Guns_Colabee1fc5c79d.jpg
905,/content/drive/My Drive/Colab Notebooks/FinCap_ImgScraping/Guns_Colabee4f9451d5.jpg
906,/content/drive/My Drive/Colab Notebooks/FinCap_ImgScraping/Guns_Colabeebb7a15e9.jpg
907,/content/drive/My Drive/Colab Notebooks/FinCap_ImgScraping/Guns_Colabeee4820cf8.jpg
908,/content/drive/My Drive/Colab Notebooks/FinCap_ImgScraping/Guns_Colabef37630d30.jpg
909,/content/drive/My Drive/Colab Notebooks/FinCap_ImgScraping/Guns_Colabef6e38601d.jpg
910,/content/drive/My Drive/Colab Notebooks/FinCap_ImgScraping/Guns_Colabefce04e0a9.jpg
911,/content/drive/My Drive/Colab Notebooks/FinCap_ImgScraping/Guns_Colabeff5ee55ed.jpg
912,/content/drive/My Drive/Colab Notebooks/FinCap_ImgScraping/Guns_Colabf0372f644f.jpg
913,/content/drive/My Drive/Colab Notebooks/FinCap_ImgScraping/Guns_Colabf05ab53731.jpg
914,/content/drive/My Drive/Colab Notebooks/FinCap_ImgScraping/Guns_Colabf1338a00c2.jpg
915,/content/drive/My Drive/Colab Notebooks/FinCap_ImgScraping/Guns_Colabf1ef494c4c.jpg
916,/content/drive/My Drive/Colab Notebooks/FinCap_ImgScraping/Guns_Colabf200165284.jpg
917,/content/drive/My Drive/Colab Notebooks/FinCap_ImgScraping/Guns_Colabf24951eb95.jpg
918,/content/drive/My Drive/Colab Notebooks/FinCap_ImgScraping/Guns_Colabf28104adfe.jpg
919,/content/drive/My Drive/Colab Notebooks/FinCap_ImgScraping/Guns_Colabf2c0b0e0c6.jpg
920,/content/drive/My Drive/Colab Notebooks/FinCap_ImgScraping/Guns_Colabf2ed5d5647.jpg
921,/content/drive/My Drive/Colab Notebooks/FinCap_ImgScraping/Guns_Colabf3014435f6.jpg
922,/content/drive/My Drive/Colab Notebooks/FinCap_ImgScraping/Guns_Colabf3117ac206.jpg
923,/content/drive/My Drive/Colab Notebooks/FinCap_ImgScraping/Guns_Colabf36aa8674a.jpg
924,/content/drive/My Drive/Colab Notebooks/FinCap_ImgScraping/Guns_Colabf3cf5f4ace.jpg
925,/content/drive/My Drive/Colab Notebooks/FinCap_ImgScraping/Guns_Colabf40c68f063.jpg
926,/content/drive/My Drive/Colab Notebooks/FinCap_ImgScraping/Guns_Colabf471238aa5.jpg
927,/content/drive/My Drive/Colab Notebooks/FinCap_ImgScraping/Guns_Colabf4a6f80493.jpg
928,/content/drive/My Drive/Colab Notebooks/FinCap_ImgScraping/Guns_Colabf50d3623ac.jpg
929,/content/drive/My Drive/Colab Notebooks/FinCap_ImgScraping/Guns_Colabf573a383da.jpg
930,/content/drive/My Drive/Colab Notebooks/FinCap_ImgScraping/Guns_Colabf584eae185.jpg
931,/content/drive/My Drive/Colab Notebooks/FinCap_ImgScraping/Guns_Colabf5b6da7e1b.jpg
932,/content/drive/My Drive/Colab Notebooks/FinCap_ImgScraping/Guns_Colabf5c063ab18.jpg
933,/content/drive/My Drive/Colab Notebooks/FinCap_ImgScraping/Guns_Colabf63813df22.jpg
934,/content/drive/My Drive/Colab Notebooks/FinCap_ImgScraping/Guns_Colabf654c408e1.jpg
935,/content/drive/My Drive/Colab Notebooks/FinCap_ImgScraping/Guns_Colabf66243b184.jpg
936,/content/drive/My Drive/Colab Notebooks/FinCap_ImgScraping/Guns_Colabf6e1bb2a0a.jpg
937,/content/drive/My Drive/Colab Notebooks/FinCap_ImgScraping/Guns_Colabf7375b788b.jpg
938,/content/drive/My Drive/Colab Notebooks/FinCap_ImgScraping/Guns_Colabf7c98dfe26.jpg
939,/content/drive/My Drive/Colab Notebooks/FinCap_ImgScraping/Guns_Colabf824bfbdf7.jpg
940,/content/drive/My Drive/Colab Notebooks/FinCap_ImgScraping/Guns_Colabf83e971f36.jpg
941,/content/drive/My Drive/Colab Notebooks/FinCap_ImgScraping/Guns_Colabf840d9be10.jpg
942,/content/drive/My Drive/Colab Notebooks/FinCap_ImgScraping/Guns_Colabf84c540c71.jpg
943,/content/drive/My Drive/Colab Notebooks/FinCap_ImgScraping/Guns_Colabf8781eed63.jpg
944,/content/drive/My Drive/Colab Notebooks/FinCap_ImgScraping/Guns_Colabf87f55e6f4.jpg
945,/content/drive/My Drive/Colab Notebooks/FinCap_ImgScraping/Guns_Colabf880ba43dc.jpg
946,/content/drive/My Drive/Colab Notebooks/FinCap_ImgScraping/Guns_Colabf88fcfaa3a.jpg
947,/content/drive/My Drive/Colab Notebooks/FinCap_ImgScraping/Guns_Colabf891274359.jpg
948,/content/drive/My Drive/Colab Notebooks/FinCap_ImgScraping/Guns_Colabf89f7655e4.jpg
949,/content/drive/My Drive/Colab Notebooks/FinCap_ImgScraping/Guns_Colabf8b9fe88f4.jpg
950,/content/drive/My Drive/Colab Notebooks/FinCap_ImgScraping/Guns_Colabf8cbf306ed.jpg
951,/content/drive/My Drive/Colab Notebooks/FinCap_ImgScraping/Guns_Colabf8f1aff223.jpg
952,/content/drive/My Drive/Colab Notebooks/FinCap_ImgScraping/Guns_Colabf8f72dcfbc.jpg
953,/content/drive/My Drive/Colab Notebooks/FinCap_ImgScraping/Guns_Colabf9830706d4.jpg
954,/content/drive/My Drive/Colab Notebooks/FinCap_ImgScraping/Guns_Colabf9c6da6658.jpg
955,/content/drive/My Drive/Colab Notebooks/FinCap_ImgScraping/Guns_Colabfa4221f7e4.jpg
956,/content/drive/My Drive/Colab Notebooks/FinCap_ImgScraping/Guns_Colabfa50fe4173.jpg
957,/content/drive/My Drive/Colab Notebooks/FinCap_ImgScraping/Guns_Colabfaa4abd9b7.jpg
958,/content/drive/My Drive/Colab Notebooks/FinCap_ImgScraping/Guns_Colabfaad53b2c0.jpg
959,/content/drive/My Drive/Colab Notebooks/FinCap_ImgScraping/Guns_Colabfae28249ac.jpg
960,/content/drive/My Drive/Colab Notebooks/FinCap_ImgScraping/Guns_Colabfae38c2d13.jpg
961,/content/drive/My Drive/Colab Notebooks/FinCap_ImgScraping/Guns_Colabfb3111581b.jpg
962,/content/drive/My Drive/Colab Notebooks/FinCap_ImgScraping/Guns_Colabfb5e76d899.jpg
963,/content/drive/My Drive/Colab Notebooks/FinCap_ImgScraping/Guns_Colabfb80eaa249.jpg
964,/content/drive/My Drive/Colab Notebooks/FinCap_ImgScraping/Guns_Colabfb9754958b.jpg
965,/content/drive/My Drive/Colab Notebooks/FinCap_ImgScraping/Guns_Colabfbe5890431.jpg
966,/content/drive/My Drive/Colab Notebooks/FinCap_ImgScraping/Guns_Colabfbe5bf3d45.jpg
967,/content/drive/My Drive/Colab Notebooks/FinCap_ImgScraping/Guns_Colabfc01a285ed.jpg
968,/content/drive/My Drive/Colab Notebooks/FinCap_ImgScraping/Guns_Colabfc0901fee3.jpg
969,/content/drive/My Drive/Colab Notebooks/FinCap_ImgScraping/Guns_Colabfc2909bf75.jpg
970,/content/drive/My Drive/Colab Notebooks/FinCap_ImgScraping/Guns_Colabfc753e0d6d.jpg
971,/content/drive/My Drive/Colab Notebooks/FinCap_ImgScraping/Guns_Colabfc81d177a4.jpg
972,/content/drive/My Drive/Colab Notebooks/FinCap_ImgScraping/Guns_Colabfd55c48902.jpg
973,/content/drive/My Drive/Colab Notebooks/FinCap_ImgScraping/Guns_Colabfd680867fe.jpg
974,/content/drive/My Drive/Colab Notebooks/FinCap_ImgScraping/Guns_Colabfdd96088aa.jpg
975,/content/drive/My Drive/Colab Notebooks/FinCap_ImgScraping/Guns_Colabfdedb8f5e3.jpg
976,/content/drive/My Drive/Colab Notebooks/FinCap_ImgScraping/Guns_Colabfe1778d20a.jpg
977,/content/drive/My Drive/Colab Notebooks/FinCap_ImgScraping/Guns_Colabfe71ef666d.jpg
978,/content/drive/My Drive/Colab Notebooks/FinCap_ImgScraping/Guns_Colabfee1985acc.jpg
979,/content/drive/My Drive/Colab Notebooks/FinCap_ImgScraping/Guns_Colabff20187d2a.jpg
980,/content/drive/My Drive/Colab Notebooks/FinCap_ImgScraping/Guns_Colabffe1f03ddb.jpg
