0,/content/drive/My Drive/Colab Notebooks/Fin_Cap/FinCap_ImgScraping/Not_Guns_Colab001240b5aa.jpg
1,/content/drive/My Drive/Colab Notebooks/Fin_Cap/FinCap_ImgScraping/Not_Guns_Colab004adc5cd9.jpg
2,/content/drive/My Drive/Colab Notebooks/Fin_Cap/FinCap_ImgScraping/Not_Guns_Colab00645734f9.jpg
3,/content/drive/My Drive/Colab Notebooks/Fin_Cap/FinCap_ImgScraping/Not_Guns_Colab00a907baf2.jpg
4,/content/drive/My Drive/Colab Notebooks/Fin_Cap/FinCap_ImgScraping/Not_Guns_Colab00b1444c3d.jpg
5,/content/drive/My Drive/Colab Notebooks/Fin_Cap/FinCap_ImgScraping/Not_Guns_Colab0180213216.jpg
6,/content/drive/My Drive/Colab Notebooks/Fin_Cap/FinCap_ImgScraping/Not_Guns_Colab022f6b7e38.jpg
7,/content/drive/My Drive/Colab Notebooks/Fin_Cap/FinCap_ImgScraping/Not_Guns_Colab0255eaa46f.jpg
8,/content/drive/My Drive/Colab Notebooks/Fin_Cap/FinCap_ImgScraping/Not_Guns_Colab02a8e8b705.jpg
9,/content/drive/My Drive/Colab Notebooks/Fin_Cap/FinCap_ImgScraping/Not_Guns_Colab02d00ba745.jpg
10,/content/drive/My Drive/Colab Notebooks/Fin_Cap/FinCap_ImgScraping/Not_Guns_Colab032c5112a1.jpg
11,/content/drive/My Drive/Colab Notebooks/Fin_Cap/FinCap_ImgScraping/Not_Guns_Colab03434b31b4.jpg
12,/content/drive/My Drive/Colab Notebooks/Fin_Cap/FinCap_ImgScraping/Not_Guns_Colab035d8c9296.jpg
13,/content/drive/My Drive/Colab Notebooks/Fin_Cap/FinCap_ImgScraping/Not_Guns_Colab03e1f4a25f.jpg
14,/content/drive/My Drive/Colab Notebooks/Fin_Cap/FinCap_ImgScraping/Not_Guns_Colab03eab0e766.jpg
15,/content/drive/My Drive/Colab Notebooks/Fin_Cap/FinCap_ImgScraping/Not_Guns_Colab03ef107be3.jpg
16,/content/drive/My Drive/Colab Notebooks/Fin_Cap/FinCap_ImgScraping/Not_Guns_Colab04acaf97a0.jpg
17,/content/drive/My Drive/Colab Notebooks/Fin_Cap/FinCap_ImgScraping/Not_Guns_Colab04f59d0893.jpg
18,/content/drive/My Drive/Colab Notebooks/Fin_Cap/FinCap_ImgScraping/Not_Guns_Colab052934097d.jpg
19,/content/drive/My Drive/Colab Notebooks/Fin_Cap/FinCap_ImgScraping/Not_Guns_Colab05d0eb22ea.jpg
20,/content/drive/My Drive/Colab Notebooks/Fin_Cap/FinCap_ImgScraping/Not_Guns_Colab05da0f1625.jpg
21,/content/drive/My Drive/Colab Notebooks/Fin_Cap/FinCap_ImgScraping/Not_Guns_Colab05e2ec42ed.jpg
22,/content/drive/My Drive/Colab Notebooks/Fin_Cap/FinCap_ImgScraping/Not_Guns_Colab06024d1bc0.jpg
23,/content/drive/My Drive/Colab Notebooks/Fin_Cap/FinCap_ImgScraping/Not_Guns_Colab069e8c5fbf.jpg
24,/content/drive/My Drive/Colab Notebooks/Fin_Cap/FinCap_ImgScraping/Not_Guns_Colab075a3df8d8.jpg
25,/content/drive/My Drive/Colab Notebooks/Fin_Cap/FinCap_ImgScraping/Not_Guns_Colab07994adb68.jpg
26,/content/drive/My Drive/Colab Notebooks/Fin_Cap/FinCap_ImgScraping/Not_Guns_Colab09160d3fda.jpg
27,/content/drive/My Drive/Colab Notebooks/Fin_Cap/FinCap_ImgScraping/Not_Guns_Colab091e68b8da.jpg
28,/content/drive/My Drive/Colab Notebooks/Fin_Cap/FinCap_ImgScraping/Not_Guns_Colab091ed2818d.jpg
29,/content/drive/My Drive/Colab Notebooks/Fin_Cap/FinCap_ImgScraping/Not_Guns_Colab0931744e8b.jpg
30,/content/drive/My Drive/Colab Notebooks/Fin_Cap/FinCap_ImgScraping/Not_Guns_Colab099cd26527.jpg
31,/content/drive/My Drive/Colab Notebooks/Fin_Cap/FinCap_ImgScraping/Not_Guns_Colab09c0057964.jpg
32,/content/drive/My Drive/Colab Notebooks/Fin_Cap/FinCap_ImgScraping/Not_Guns_Colab09c99d6ecd.jpg
33,/content/drive/My Drive/Colab Notebooks/Fin_Cap/FinCap_ImgScraping/Not_Guns_Colab09ea058119.jpg
34,/content/drive/My Drive/Colab Notebooks/Fin_Cap/FinCap_ImgScraping/Not_Guns_Colab0a3aea29a6.jpg
35,/content/drive/My Drive/Colab Notebooks/Fin_Cap/FinCap_ImgScraping/Not_Guns_Colab0a8766d0a2.jpg
36,/content/drive/My Drive/Colab Notebooks/Fin_Cap/FinCap_ImgScraping/Not_Guns_Colab0a8eaad337.jpg
37,/content/drive/My Drive/Colab Notebooks/Fin_Cap/FinCap_ImgScraping/Not_Guns_Colab0b04eb41d4.jpg
38,/content/drive/My Drive/Colab Notebooks/Fin_Cap/FinCap_ImgScraping/Not_Guns_Colab0ba863a84e.jpg
39,/content/drive/My Drive/Colab Notebooks/Fin_Cap/FinCap_ImgScraping/Not_Guns_Colab0bb64450f6.jpg
40,/content/drive/My Drive/Colab Notebooks/Fin_Cap/FinCap_ImgScraping/Not_Guns_Colab0c3cbfe203.jpg
41,/content/drive/My Drive/Colab Notebooks/Fin_Cap/FinCap_ImgScraping/Not_Guns_Colab0c434cdd63.jpg
42,/content/drive/My Drive/Colab Notebooks/Fin_Cap/FinCap_ImgScraping/Not_Guns_Colab0c4839f4e6.jpg
43,/content/drive/My Drive/Colab Notebooks/Fin_Cap/FinCap_ImgScraping/Not_Guns_Colab0c58c4bd70.jpg
44,/content/drive/My Drive/Colab Notebooks/Fin_Cap/FinCap_ImgScraping/Not_Guns_Colab0ca8a1d719.jpg
45,/content/drive/My Drive/Colab Notebooks/Fin_Cap/FinCap_ImgScraping/Not_Guns_Colab0cba9108d3.jpg
46,/content/drive/My Drive/Colab Notebooks/Fin_Cap/FinCap_ImgScraping/Not_Guns_Colab0d1dd07a3a.jpg
47,/content/drive/My Drive/Colab Notebooks/Fin_Cap/FinCap_ImgScraping/Not_Guns_Colab0d1fd8757c.jpg
48,/content/drive/My Drive/Colab Notebooks/Fin_Cap/FinCap_ImgScraping/Not_Guns_Colab0d55693e5b.jpg
49,/content/drive/My Drive/Colab Notebooks/Fin_Cap/FinCap_ImgScraping/Not_Guns_Colab0d6b1efa93.jpg
50,/content/drive/My Drive/Colab Notebooks/Fin_Cap/FinCap_ImgScraping/Not_Guns_Colab0d71f38f21.jpg
51,/content/drive/My Drive/Colab Notebooks/Fin_Cap/FinCap_ImgScraping/Not_Guns_Colab0d76c6d735.jpg
52,/content/drive/My Drive/Colab Notebooks/Fin_Cap/FinCap_ImgScraping/Not_Guns_Colab0e35c76067.jpg
53,/content/drive/My Drive/Colab Notebooks/Fin_Cap/FinCap_ImgScraping/Not_Guns_Colab0e85ebdb65.jpg
54,/content/drive/My Drive/Colab Notebooks/Fin_Cap/FinCap_ImgScraping/Not_Guns_Colab0f94c7353d.jpg
55,/content/drive/My Drive/Colab Notebooks/Fin_Cap/FinCap_ImgScraping/Not_Guns_Colab0fc701d100.jpg
56,/content/drive/My Drive/Colab Notebooks/Fin_Cap/FinCap_ImgScraping/Not_Guns_Colab1001512b20.jpg
57,/content/drive/My Drive/Colab Notebooks/Fin_Cap/FinCap_ImgScraping/Not_Guns_Colab110fc46f5b.jpg
58,/content/drive/My Drive/Colab Notebooks/Fin_Cap/FinCap_ImgScraping/Not_Guns_Colab11237fc7f7.jpg
59,/content/drive/My Drive/Colab Notebooks/Fin_Cap/FinCap_ImgScraping/Not_Guns_Colab1208882e8e.jpg
60,/content/drive/My Drive/Colab Notebooks/Fin_Cap/FinCap_ImgScraping/Not_Guns_Colab122d994a6d.jpg
61,/content/drive/My Drive/Colab Notebooks/Fin_Cap/FinCap_ImgScraping/Not_Guns_Colab125aba4d6d.jpg
62,/content/drive/My Drive/Colab Notebooks/Fin_Cap/FinCap_ImgScraping/Not_Guns_Colab12cabd8166.jpg
63,/content/drive/My Drive/Colab Notebooks/Fin_Cap/FinCap_ImgScraping/Not_Guns_Colab13943e011d.jpg
64,/content/drive/My Drive/Colab Notebooks/Fin_Cap/FinCap_ImgScraping/Not_Guns_Colab13ced7cd27.jpg
65,/content/drive/My Drive/Colab Notebooks/Fin_Cap/FinCap_ImgScraping/Not_Guns_Colab13f7bddc3f.jpg
66,/content/drive/My Drive/Colab Notebooks/Fin_Cap/FinCap_ImgScraping/Not_Guns_Colab1403eeaa97.jpg
67,/content/drive/My Drive/Colab Notebooks/Fin_Cap/FinCap_ImgScraping/Not_Guns_Colab14e9848925.jpg
68,/content/drive/My Drive/Colab Notebooks/Fin_Cap/FinCap_ImgScraping/Not_Guns_Colab14eef6c477.jpg
69,/content/drive/My Drive/Colab Notebooks/Fin_Cap/FinCap_ImgScraping/Not_Guns_Colab14f1b20c1a.jpg
70,/content/drive/My Drive/Colab Notebooks/Fin_Cap/FinCap_ImgScraping/Not_Guns_Colab14fbb64f42.jpg
71,/content/drive/My Drive/Colab Notebooks/Fin_Cap/FinCap_ImgScraping/Not_Guns_Colab152319aeb9.jpg
72,/content/drive/My Drive/Colab Notebooks/Fin_Cap/FinCap_ImgScraping/Not_Guns_Colab1565b79b18.jpg
73,/content/drive/My Drive/Colab Notebooks/Fin_Cap/FinCap_ImgScraping/Not_Guns_Colab1580068724.jpg
74,/content/drive/My Drive/Colab Notebooks/Fin_Cap/FinCap_ImgScraping/Not_Guns_Colab15ccc3d720.jpg
75,/content/drive/My Drive/Colab Notebooks/Fin_Cap/FinCap_ImgScraping/Not_Guns_Colab16181d888c.jpg
76,/content/drive/My Drive/Colab Notebooks/Fin_Cap/FinCap_ImgScraping/Not_Guns_Colab168c8143aa.jpg
77,/content/drive/My Drive/Colab Notebooks/Fin_Cap/FinCap_ImgScraping/Not_Guns_Colab16bf7e7739.jpg
78,/content/drive/My Drive/Colab Notebooks/Fin_Cap/FinCap_ImgScraping/Not_Guns_Colab175fdfcfe0.jpg
79,/content/drive/My Drive/Colab Notebooks/Fin_Cap/FinCap_ImgScraping/Not_Guns_Colab182848c84e.jpg
80,/content/drive/My Drive/Colab Notebooks/Fin_Cap/FinCap_ImgScraping/Not_Guns_Colab1833d86abe.jpg
81,/content/drive/My Drive/Colab Notebooks/Fin_Cap/FinCap_ImgScraping/Not_Guns_Colab1855a038a4.jpg
82,/content/drive/My Drive/Colab Notebooks/Fin_Cap/FinCap_ImgScraping/Not_Guns_Colab186acee18f.jpg
83,/content/drive/My Drive/Colab Notebooks/Fin_Cap/FinCap_ImgScraping/Not_Guns_Colab18b3ee9efe.jpg
84,/content/drive/My Drive/Colab Notebooks/Fin_Cap/FinCap_ImgScraping/Not_Guns_Colab18c893ed2b.jpg
85,/content/drive/My Drive/Colab Notebooks/Fin_Cap/FinCap_ImgScraping/Not_Guns_Colab18d093ba51.jpg
86,/content/drive/My Drive/Colab Notebooks/Fin_Cap/FinCap_ImgScraping/Not_Guns_Colab190af01f45.jpg
87,/content/drive/My Drive/Colab Notebooks/Fin_Cap/FinCap_ImgScraping/Not_Guns_Colab1917c367a0.jpg
88,/content/drive/My Drive/Colab Notebooks/Fin_Cap/FinCap_ImgScraping/Not_Guns_Colab19505f0a8e.jpg
89,/content/drive/My Drive/Colab Notebooks/Fin_Cap/FinCap_ImgScraping/Not_Guns_Colab199befa3c0.jpg
90,/content/drive/My Drive/Colab Notebooks/Fin_Cap/FinCap_ImgScraping/Not_Guns_Colab19bee5db50.jpg
91,/content/drive/My Drive/Colab Notebooks/Fin_Cap/FinCap_ImgScraping/Not_Guns_Colab19e4b1407d.jpg
92,/content/drive/My Drive/Colab Notebooks/Fin_Cap/FinCap_ImgScraping/Not_Guns_Colab1a1d85dfa8.jpg
93,/content/drive/My Drive/Colab Notebooks/Fin_Cap/FinCap_ImgScraping/Not_Guns_Colab1a4d1f0ba9.jpg
94,/content/drive/My Drive/Colab Notebooks/Fin_Cap/FinCap_ImgScraping/Not_Guns_Colab1b3ad7275c.jpg
95,/content/drive/My Drive/Colab Notebooks/Fin_Cap/FinCap_ImgScraping/Not_Guns_Colab1bb462619b.jpg
96,/content/drive/My Drive/Colab Notebooks/Fin_Cap/FinCap_ImgScraping/Not_Guns_Colab1c3431eaa5.jpg
97,/content/drive/My Drive/Colab Notebooks/Fin_Cap/FinCap_ImgScraping/Not_Guns_Colab1c98a58c44.jpg
98,/content/drive/My Drive/Colab Notebooks/Fin_Cap/FinCap_ImgScraping/Not_Guns_Colab1cb22b2450.jpg
99,/content/drive/My Drive/Colab Notebooks/Fin_Cap/FinCap_ImgScraping/Not_Guns_Colab1cde6dae4e.jpg
100,/content/drive/My Drive/Colab Notebooks/Fin_Cap/FinCap_ImgScraping/Not_Guns_Colab1d04617411.jpg
101,/content/drive/My Drive/Colab Notebooks/Fin_Cap/FinCap_ImgScraping/Not_Guns_Colab1d781ad00b.jpg
102,/content/drive/My Drive/Colab Notebooks/Fin_Cap/FinCap_ImgScraping/Not_Guns_Colab1d92c49243.jpg
103,/content/drive/My Drive/Colab Notebooks/Fin_Cap/FinCap_ImgScraping/Not_Guns_Colab1e271e448c.jpg
104,/content/drive/My Drive/Colab Notebooks/Fin_Cap/FinCap_ImgScraping/Not_Guns_Colab1e2d65889b.jpg
105,/content/drive/My Drive/Colab Notebooks/Fin_Cap/FinCap_ImgScraping/Not_Guns_Colab1e30121506.jpg
106,/content/drive/My Drive/Colab Notebooks/Fin_Cap/FinCap_ImgScraping/Not_Guns_Colab1e33b03a49.jpg
107,/content/drive/My Drive/Colab Notebooks/Fin_Cap/FinCap_ImgScraping/Not_Guns_Colab1e72dd61d1.jpg
108,/content/drive/My Drive/Colab Notebooks/Fin_Cap/FinCap_ImgScraping/Not_Guns_Colab1ed918abb0.jpg
109,/content/drive/My Drive/Colab Notebooks/Fin_Cap/FinCap_ImgScraping/Not_Guns_Colab1ef49283fa.jpg
110,/content/drive/My Drive/Colab Notebooks/Fin_Cap/FinCap_ImgScraping/Not_Guns_Colab1efa318b1f.jpg
111,/content/drive/My Drive/Colab Notebooks/Fin_Cap/FinCap_ImgScraping/Not_Guns_Colab1f4cce3d49.jpg
112,/content/drive/My Drive/Colab Notebooks/Fin_Cap/FinCap_ImgScraping/Not_Guns_Colab1fa99adf06.jpg
113,/content/drive/My Drive/Colab Notebooks/Fin_Cap/FinCap_ImgScraping/Not_Guns_Colab1fc3d1f41e.jpg
114,/content/drive/My Drive/Colab Notebooks/Fin_Cap/FinCap_ImgScraping/Not_Guns_Colab1fc885d3a3.jpg
115,/content/drive/My Drive/Colab Notebooks/Fin_Cap/FinCap_ImgScraping/Not_Guns_Colab1fe41e6421.jpg
116,/content/drive/My Drive/Colab Notebooks/Fin_Cap/FinCap_ImgScraping/Not_Guns_Colab204f2c4a61.jpg
117,/content/drive/My Drive/Colab Notebooks/Fin_Cap/FinCap_ImgScraping/Not_Guns_Colab207cc381ad.jpg
118,/content/drive/My Drive/Colab Notebooks/Fin_Cap/FinCap_ImgScraping/Not_Guns_Colab2090f0385e.jpg
119,/content/drive/My Drive/Colab Notebooks/Fin_Cap/FinCap_ImgScraping/Not_Guns_Colab20a5e8920a.jpg
120,/content/drive/My Drive/Colab Notebooks/Fin_Cap/FinCap_ImgScraping/Not_Guns_Colab2130e6af9b.jpg
121,/content/drive/My Drive/Colab Notebooks/Fin_Cap/FinCap_ImgScraping/Not_Guns_Colab213c0dc94b.jpg
122,/content/drive/My Drive/Colab Notebooks/Fin_Cap/FinCap_ImgScraping/Not_Guns_Colab21590f76eb.jpg
123,/content/drive/My Drive/Colab Notebooks/Fin_Cap/FinCap_ImgScraping/Not_Guns_Colab2195659b8e.jpg
124,/content/drive/My Drive/Colab Notebooks/Fin_Cap/FinCap_ImgScraping/Not_Guns_Colab21b783c355.jpg
125,/content/drive/My Drive/Colab Notebooks/Fin_Cap/FinCap_ImgScraping/Not_Guns_Colab21d0cefdfe.jpg
126,/content/drive/My Drive/Colab Notebooks/Fin_Cap/FinCap_ImgScraping/Not_Guns_Colab222b676250.jpg
127,/content/drive/My Drive/Colab Notebooks/Fin_Cap/FinCap_ImgScraping/Not_Guns_Colab2258f47fb0.jpg
128,/content/drive/My Drive/Colab Notebooks/Fin_Cap/FinCap_ImgScraping/Not_Guns_Colab22976fe61e.jpg
129,/content/drive/My Drive/Colab Notebooks/Fin_Cap/FinCap_ImgScraping/Not_Guns_Colab22da17883d.jpg
130,/content/drive/My Drive/Colab Notebooks/Fin_Cap/FinCap_ImgScraping/Not_Guns_Colab22ea38edfd.jpg
131,/content/drive/My Drive/Colab Notebooks/Fin_Cap/FinCap_ImgScraping/Not_Guns_Colab2312be4d54.jpg
132,/content/drive/My Drive/Colab Notebooks/Fin_Cap/FinCap_ImgScraping/Not_Guns_Colab23591a90f5.jpg
133,/content/drive/My Drive/Colab Notebooks/Fin_Cap/FinCap_ImgScraping/Not_Guns_Colab237361f3d7.jpg
134,/content/drive/My Drive/Colab Notebooks/Fin_Cap/FinCap_ImgScraping/Not_Guns_Colab243c9c1a8c.jpg
135,/content/drive/My Drive/Colab Notebooks/Fin_Cap/FinCap_ImgScraping/Not_Guns_Colab244b124a40.jpg
136,/content/drive/My Drive/Colab Notebooks/Fin_Cap/FinCap_ImgScraping/Not_Guns_Colab245b55ef4a.jpg
137,/content/drive/My Drive/Colab Notebooks/Fin_Cap/FinCap_ImgScraping/Not_Guns_Colab24ebe06e30.jpg
138,/content/drive/My Drive/Colab Notebooks/Fin_Cap/FinCap_ImgScraping/Not_Guns_Colab259bc44ae9.jpg
139,/content/drive/My Drive/Colab Notebooks/Fin_Cap/FinCap_ImgScraping/Not_Guns_Colab262849b6b1.jpg
140,/content/drive/My Drive/Colab Notebooks/Fin_Cap/FinCap_ImgScraping/Not_Guns_Colab26418f29aa.jpg
141,/content/drive/My Drive/Colab Notebooks/Fin_Cap/FinCap_ImgScraping/Not_Guns_Colab265371e19c.jpg
142,/content/drive/My Drive/Colab Notebooks/Fin_Cap/FinCap_ImgScraping/Not_Guns_Colab278ca586fd.jpg
143,/content/drive/My Drive/Colab Notebooks/Fin_Cap/FinCap_ImgScraping/Not_Guns_Colab27b1e6a0e4.jpg
144,/content/drive/My Drive/Colab Notebooks/Fin_Cap/FinCap_ImgScraping/Not_Guns_Colab27d4a34145.jpg
145,/content/drive/My Drive/Colab Notebooks/Fin_Cap/FinCap_ImgScraping/Not_Guns_Colab2823a0aa0c.jpg
146,/content/drive/My Drive/Colab Notebooks/Fin_Cap/FinCap_ImgScraping/Not_Guns_Colab284713db9a.jpg
147,/content/drive/My Drive/Colab Notebooks/Fin_Cap/FinCap_ImgScraping/Not_Guns_Colab284a5a730b.jpg
148,/content/drive/My Drive/Colab Notebooks/Fin_Cap/FinCap_ImgScraping/Not_Guns_Colab284c095285.jpg
149,/content/drive/My Drive/Colab Notebooks/Fin_Cap/FinCap_ImgScraping/Not_Guns_Colab287a27977f.jpg
150,/content/drive/My Drive/Colab Notebooks/Fin_Cap/FinCap_ImgScraping/Not_Guns_Colab287f03437a.jpg
151,/content/drive/My Drive/Colab Notebooks/Fin_Cap/FinCap_ImgScraping/Not_Guns_Colab28881c8d2b.jpg
152,/content/drive/My Drive/Colab Notebooks/Fin_Cap/FinCap_ImgScraping/Not_Guns_Colab289c193282.jpg
153,/content/drive/My Drive/Colab Notebooks/Fin_Cap/FinCap_ImgScraping/Not_Guns_Colab2916a93e72.jpg
154,/content/drive/My Drive/Colab Notebooks/Fin_Cap/FinCap_ImgScraping/Not_Guns_Colab291f177864.jpg
155,/content/drive/My Drive/Colab Notebooks/Fin_Cap/FinCap_ImgScraping/Not_Guns_Colab2926e6f004.jpg
156,/content/drive/My Drive/Colab Notebooks/Fin_Cap/FinCap_ImgScraping/Not_Guns_Colab294a0c339b.jpg
157,/content/drive/My Drive/Colab Notebooks/Fin_Cap/FinCap_ImgScraping/Not_Guns_Colab29e355f383.jpg
158,/content/drive/My Drive/Colab Notebooks/Fin_Cap/FinCap_ImgScraping/Not_Guns_Colab2aa25b1f56.jpg
159,/content/drive/My Drive/Colab Notebooks/Fin_Cap/FinCap_ImgScraping/Not_Guns_Colab2abc2cec06.jpg
160,/content/drive/My Drive/Colab Notebooks/Fin_Cap/FinCap_ImgScraping/Not_Guns_Colab2aebd68773.jpg
161,/content/drive/My Drive/Colab Notebooks/Fin_Cap/FinCap_ImgScraping/Not_Guns_Colab2b6d307e8f.jpg
162,/content/drive/My Drive/Colab Notebooks/Fin_Cap/FinCap_ImgScraping/Not_Guns_Colab2bffce4343.jpg
163,/content/drive/My Drive/Colab Notebooks/Fin_Cap/FinCap_ImgScraping/Not_Guns_Colab2c07ef767c.jpg
164,/content/drive/My Drive/Colab Notebooks/Fin_Cap/FinCap_ImgScraping/Not_Guns_Colab2d1b9e763b.jpg
165,/content/drive/My Drive/Colab Notebooks/Fin_Cap/FinCap_ImgScraping/Not_Guns_Colab2d1c0dec68.jpg
166,/content/drive/My Drive/Colab Notebooks/Fin_Cap/FinCap_ImgScraping/Not_Guns_Colab2d5131aa00.jpg
167,/content/drive/My Drive/Colab Notebooks/Fin_Cap/FinCap_ImgScraping/Not_Guns_Colab2d52a88a0e.jpg
168,/content/drive/My Drive/Colab Notebooks/Fin_Cap/FinCap_ImgScraping/Not_Guns_Colab2dd393964e.jpg
169,/content/drive/My Drive/Colab Notebooks/Fin_Cap/FinCap_ImgScraping/Not_Guns_Colab2e40eca196.jpg
170,/content/drive/My Drive/Colab Notebooks/Fin_Cap/FinCap_ImgScraping/Not_Guns_Colab2e53897306.jpg
171,/content/drive/My Drive/Colab Notebooks/Fin_Cap/FinCap_ImgScraping/Not_Guns_Colab2e691f43c5.jpg
172,/content/drive/My Drive/Colab Notebooks/Fin_Cap/FinCap_ImgScraping/Not_Guns_Colab2e9a6be6b9.jpg
173,/content/drive/My Drive/Colab Notebooks/Fin_Cap/FinCap_ImgScraping/Not_Guns_Colab2e9e5c5b45.jpg
174,/content/drive/My Drive/Colab Notebooks/Fin_Cap/FinCap_ImgScraping/Not_Guns_Colab2f414436c2.jpg
175,/content/drive/My Drive/Colab Notebooks/Fin_Cap/FinCap_ImgScraping/Not_Guns_Colab3042479dd9.jpg
176,/content/drive/My Drive/Colab Notebooks/Fin_Cap/FinCap_ImgScraping/Not_Guns_Colab305416abad.jpg
177,/content/drive/My Drive/Colab Notebooks/Fin_Cap/FinCap_ImgScraping/Not_Guns_Colab3099fb9789.jpg
178,/content/drive/My Drive/Colab Notebooks/Fin_Cap/FinCap_ImgScraping/Not_Guns_Colab3117f9399e.jpg
179,/content/drive/My Drive/Colab Notebooks/Fin_Cap/FinCap_ImgScraping/Not_Guns_Colab312c4662ef.jpg
180,/content/drive/My Drive/Colab Notebooks/Fin_Cap/FinCap_ImgScraping/Not_Guns_Colab315da3834a.jpg
181,/content/drive/My Drive/Colab Notebooks/Fin_Cap/FinCap_ImgScraping/Not_Guns_Colab318b42c0d7.jpg
182,/content/drive/My Drive/Colab Notebooks/Fin_Cap/FinCap_ImgScraping/Not_Guns_Colab31b86ee2f1.jpg
183,/content/drive/My Drive/Colab Notebooks/Fin_Cap/FinCap_ImgScraping/Not_Guns_Colab31c3452f53.jpg
184,/content/drive/My Drive/Colab Notebooks/Fin_Cap/FinCap_ImgScraping/Not_Guns_Colab32461b5a70.jpg
185,/content/drive/My Drive/Colab Notebooks/Fin_Cap/FinCap_ImgScraping/Not_Guns_Colab327d97ad34.jpg
186,/content/drive/My Drive/Colab Notebooks/Fin_Cap/FinCap_ImgScraping/Not_Guns_Colab32d2321fc4.jpg
187,/content/drive/My Drive/Colab Notebooks/Fin_Cap/FinCap_ImgScraping/Not_Guns_Colab3308b320d2.jpg
188,/content/drive/My Drive/Colab Notebooks/Fin_Cap/FinCap_ImgScraping/Not_Guns_Colab33106d396d.jpg
189,/content/drive/My Drive/Colab Notebooks/Fin_Cap/FinCap_ImgScraping/Not_Guns_Colab33a376bdf9.jpg
190,/content/drive/My Drive/Colab Notebooks/Fin_Cap/FinCap_ImgScraping/Not_Guns_Colab33df4d97d2.jpg
191,/content/drive/My Drive/Colab Notebooks/Fin_Cap/FinCap_ImgScraping/Not_Guns_Colab345800984b.jpg
192,/content/drive/My Drive/Colab Notebooks/Fin_Cap/FinCap_ImgScraping/Not_Guns_Colab347c4c198e.jpg
193,/content/drive/My Drive/Colab Notebooks/Fin_Cap/FinCap_ImgScraping/Not_Guns_Colab348273da68.jpg
194,/content/drive/My Drive/Colab Notebooks/Fin_Cap/FinCap_ImgScraping/Not_Guns_Colab34bca10e43.jpg
195,/content/drive/My Drive/Colab Notebooks/Fin_Cap/FinCap_ImgScraping/Not_Guns_Colab34eaef6d08.jpg
196,/content/drive/My Drive/Colab Notebooks/Fin_Cap/FinCap_ImgScraping/Not_Guns_Colab35b7f99593.jpg
197,/content/drive/My Drive/Colab Notebooks/Fin_Cap/FinCap_ImgScraping/Not_Guns_Colab35c3169c8f.jpg
198,/content/drive/My Drive/Colab Notebooks/Fin_Cap/FinCap_ImgScraping/Not_Guns_Colab35e80cd3bb.jpg
199,/content/drive/My Drive/Colab Notebooks/Fin_Cap/FinCap_ImgScraping/Not_Guns_Colab366e9c2be2.jpg
200,/content/drive/My Drive/Colab Notebooks/Fin_Cap/FinCap_ImgScraping/Not_Guns_Colab3671e48260.jpg
201,/content/drive/My Drive/Colab Notebooks/Fin_Cap/FinCap_ImgScraping/Not_Guns_Colab36c2ee593e.jpg
202,/content/drive/My Drive/Colab Notebooks/Fin_Cap/FinCap_ImgScraping/Not_Guns_Colab3719482a07.jpg
203,/content/drive/My Drive/Colab Notebooks/Fin_Cap/FinCap_ImgScraping/Not_Guns_Colab371a3d7d8c.jpg
204,/content/drive/My Drive/Colab Notebooks/Fin_Cap/FinCap_ImgScraping/Not_Guns_Colab37593bf955.jpg
205,/content/drive/My Drive/Colab Notebooks/Fin_Cap/FinCap_ImgScraping/Not_Guns_Colab37d2ab982b.jpg
206,/content/drive/My Drive/Colab Notebooks/Fin_Cap/FinCap_ImgScraping/Not_Guns_Colab386771cb5d.jpg
207,/content/drive/My Drive/Colab Notebooks/Fin_Cap/FinCap_ImgScraping/Not_Guns_Colab38ab251f6b.jpg
208,/content/drive/My Drive/Colab Notebooks/Fin_Cap/FinCap_ImgScraping/Not_Guns_Colab38cdfc1133.jpg
209,/content/drive/My Drive/Colab Notebooks/Fin_Cap/FinCap_ImgScraping/Not_Guns_Colab3969e76d1e.jpg
210,/content/drive/My Drive/Colab Notebooks/Fin_Cap/FinCap_ImgScraping/Not_Guns_Colab39900d7348.jpg
211,/content/drive/My Drive/Colab Notebooks/Fin_Cap/FinCap_ImgScraping/Not_Guns_Colab39b1f13cb4.jpg
212,/content/drive/My Drive/Colab Notebooks/Fin_Cap/FinCap_ImgScraping/Not_Guns_Colab39b7a2a5f8.jpg
213,/content/drive/My Drive/Colab Notebooks/Fin_Cap/FinCap_ImgScraping/Not_Guns_Colab3a4fff6287.jpg
214,/content/drive/My Drive/Colab Notebooks/Fin_Cap/FinCap_ImgScraping/Not_Guns_Colab3a7f14087d.jpg
215,/content/drive/My Drive/Colab Notebooks/Fin_Cap/FinCap_ImgScraping/Not_Guns_Colab3aaade5eff.jpg
216,/content/drive/My Drive/Colab Notebooks/Fin_Cap/FinCap_ImgScraping/Not_Guns_Colab3ae19b90a5.jpg
217,/content/drive/My Drive/Colab Notebooks/Fin_Cap/FinCap_ImgScraping/Not_Guns_Colab3b4348e481.jpg
218,/content/drive/My Drive/Colab Notebooks/Fin_Cap/FinCap_ImgScraping/Not_Guns_Colab3b4feb0a02.jpg
219,/content/drive/My Drive/Colab Notebooks/Fin_Cap/FinCap_ImgScraping/Not_Guns_Colab3bb64b7e90.jpg
220,/content/drive/My Drive/Colab Notebooks/Fin_Cap/FinCap_ImgScraping/Not_Guns_Colab3bd5705424.jpg
221,/content/drive/My Drive/Colab Notebooks/Fin_Cap/FinCap_ImgScraping/Not_Guns_Colab3bfb80c620.jpg
222,/content/drive/My Drive/Colab Notebooks/Fin_Cap/FinCap_ImgScraping/Not_Guns_Colab3c3f54dfbc.jpg
223,/content/drive/My Drive/Colab Notebooks/Fin_Cap/FinCap_ImgScraping/Not_Guns_Colab3ca017104a.jpg
224,/content/drive/My Drive/Colab Notebooks/Fin_Cap/FinCap_ImgScraping/Not_Guns_Colab3cac51a6a2.jpg
225,/content/drive/My Drive/Colab Notebooks/Fin_Cap/FinCap_ImgScraping/Not_Guns_Colab3ccfae73ac.jpg
226,/content/drive/My Drive/Colab Notebooks/Fin_Cap/FinCap_ImgScraping/Not_Guns_Colab3d151a6f6c.jpg
227,/content/drive/My Drive/Colab Notebooks/Fin_Cap/FinCap_ImgScraping/Not_Guns_Colab3d7ddc70be.jpg
228,/content/drive/My Drive/Colab Notebooks/Fin_Cap/FinCap_ImgScraping/Not_Guns_Colab3dc6954ae8.jpg
229,/content/drive/My Drive/Colab Notebooks/Fin_Cap/FinCap_ImgScraping/Not_Guns_Colab3dd2f60a23.jpg
230,/content/drive/My Drive/Colab Notebooks/Fin_Cap/FinCap_ImgScraping/Not_Guns_Colab3e2def1331.jpg
231,/content/drive/My Drive/Colab Notebooks/Fin_Cap/FinCap_ImgScraping/Not_Guns_Colab3e83384603.jpg
232,/content/drive/My Drive/Colab Notebooks/Fin_Cap/FinCap_ImgScraping/Not_Guns_Colab3e92273acc.jpg
233,/content/drive/My Drive/Colab Notebooks/Fin_Cap/FinCap_ImgScraping/Not_Guns_Colab3ed934ad28.jpg
234,/content/drive/My Drive/Colab Notebooks/Fin_Cap/FinCap_ImgScraping/Not_Guns_Colab3ede322227.jpg
235,/content/drive/My Drive/Colab Notebooks/Fin_Cap/FinCap_ImgScraping/Not_Guns_Colab3f13830127.jpg
236,/content/drive/My Drive/Colab Notebooks/Fin_Cap/FinCap_ImgScraping/Not_Guns_Colab3f2f57cc61.jpg
237,/content/drive/My Drive/Colab Notebooks/Fin_Cap/FinCap_ImgScraping/Not_Guns_Colab3f3056b149.jpg
238,/content/drive/My Drive/Colab Notebooks/Fin_Cap/FinCap_ImgScraping/Not_Guns_Colab3f5ec738e2.jpg
239,/content/drive/My Drive/Colab Notebooks/Fin_Cap/FinCap_ImgScraping/Not_Guns_Colab3f66bac482.jpg
240,/content/drive/My Drive/Colab Notebooks/Fin_Cap/FinCap_ImgScraping/Not_Guns_Colab3f78301d25.jpg
241,/content/drive/My Drive/Colab Notebooks/Fin_Cap/FinCap_ImgScraping/Not_Guns_Colab3fb3f367d2.jpg
242,/content/drive/My Drive/Colab Notebooks/Fin_Cap/FinCap_ImgScraping/Not_Guns_Colab4048837765.jpg
243,/content/drive/My Drive/Colab Notebooks/Fin_Cap/FinCap_ImgScraping/Not_Guns_Colab4092c08fe8.jpg
244,/content/drive/My Drive/Colab Notebooks/Fin_Cap/FinCap_ImgScraping/Not_Guns_Colab40d379b636.jpg
245,/content/drive/My Drive/Colab Notebooks/Fin_Cap/FinCap_ImgScraping/Not_Guns_Colab4109c7817b.jpg
246,/content/drive/My Drive/Colab Notebooks/Fin_Cap/FinCap_ImgScraping/Not_Guns_Colab413200a149.jpg
247,/content/drive/My Drive/Colab Notebooks/Fin_Cap/FinCap_ImgScraping/Not_Guns_Colab415597b44f.jpg
248,/content/drive/My Drive/Colab Notebooks/Fin_Cap/FinCap_ImgScraping/Not_Guns_Colab418d0e2291.jpg
249,/content/drive/My Drive/Colab Notebooks/Fin_Cap/FinCap_ImgScraping/Not_Guns_Colab41cba9f063.jpg
250,/content/drive/My Drive/Colab Notebooks/Fin_Cap/FinCap_ImgScraping/Not_Guns_Colab41f3dcc4ab.jpg
251,/content/drive/My Drive/Colab Notebooks/Fin_Cap/FinCap_ImgScraping/Not_Guns_Colab4230cf91fa.jpg
252,/content/drive/My Drive/Colab Notebooks/Fin_Cap/FinCap_ImgScraping/Not_Guns_Colab423b42d738.jpg
253,/content/drive/My Drive/Colab Notebooks/Fin_Cap/FinCap_ImgScraping/Not_Guns_Colab4261526aaf.jpg
254,/content/drive/My Drive/Colab Notebooks/Fin_Cap/FinCap_ImgScraping/Not_Guns_Colab42751b133e.jpg
255,/content/drive/My Drive/Colab Notebooks/Fin_Cap/FinCap_ImgScraping/Not_Guns_Colab4320d6a162.jpg
256,/content/drive/My Drive/Colab Notebooks/Fin_Cap/FinCap_ImgScraping/Not_Guns_Colab43239541a0.jpg
257,/content/drive/My Drive/Colab Notebooks/Fin_Cap/FinCap_ImgScraping/Not_Guns_Colab44b670028c.jpg
258,/content/drive/My Drive/Colab Notebooks/Fin_Cap/FinCap_ImgScraping/Not_Guns_Colab450e175d62.jpg
259,/content/drive/My Drive/Colab Notebooks/Fin_Cap/FinCap_ImgScraping/Not_Guns_Colab4529787e8b.jpg
260,/content/drive/My Drive/Colab Notebooks/Fin_Cap/FinCap_ImgScraping/Not_Guns_Colab45a5647714.jpg
261,/content/drive/My Drive/Colab Notebooks/Fin_Cap/FinCap_ImgScraping/Not_Guns_Colab45b0a98569.jpg
262,/content/drive/My Drive/Colab Notebooks/Fin_Cap/FinCap_ImgScraping/Not_Guns_Colab45c90e45d1.jpg
263,/content/drive/My Drive/Colab Notebooks/Fin_Cap/FinCap_ImgScraping/Not_Guns_Colab45d5e352df.jpg
264,/content/drive/My Drive/Colab Notebooks/Fin_Cap/FinCap_ImgScraping/Not_Guns_Colab45ebfdb294.jpg
265,/content/drive/My Drive/Colab Notebooks/Fin_Cap/FinCap_ImgScraping/Not_Guns_Colab46071f7173.jpg
266,/content/drive/My Drive/Colab Notebooks/Fin_Cap/FinCap_ImgScraping/Not_Guns_Colab4645a65531.jpg
267,/content/drive/My Drive/Colab Notebooks/Fin_Cap/FinCap_ImgScraping/Not_Guns_Colab4653ebcfd2.jpg
268,/content/drive/My Drive/Colab Notebooks/Fin_Cap/FinCap_ImgScraping/Not_Guns_Colab46b6265ba9.jpg
269,/content/drive/My Drive/Colab Notebooks/Fin_Cap/FinCap_ImgScraping/Not_Guns_Colab474414df61.jpg
270,/content/drive/My Drive/Colab Notebooks/Fin_Cap/FinCap_ImgScraping/Not_Guns_Colab474456b54e.jpg
271,/content/drive/My Drive/Colab Notebooks/Fin_Cap/FinCap_ImgScraping/Not_Guns_Colab4770216815.jpg
272,/content/drive/My Drive/Colab Notebooks/Fin_Cap/FinCap_ImgScraping/Not_Guns_Colab47e287268b.jpg
273,/content/drive/My Drive/Colab Notebooks/Fin_Cap/FinCap_ImgScraping/Not_Guns_Colab47f0d7840b.jpg
274,/content/drive/My Drive/Colab Notebooks/Fin_Cap/FinCap_ImgScraping/Not_Guns_Colab485c1b36c3.jpg
275,/content/drive/My Drive/Colab Notebooks/Fin_Cap/FinCap_ImgScraping/Not_Guns_Colab487817985b.jpg
276,/content/drive/My Drive/Colab Notebooks/Fin_Cap/FinCap_ImgScraping/Not_Guns_Colab489a235fb7.jpg
277,/content/drive/My Drive/Colab Notebooks/Fin_Cap/FinCap_ImgScraping/Not_Guns_Colab49f3a28fcc.jpg
278,/content/drive/My Drive/Colab Notebooks/Fin_Cap/FinCap_ImgScraping/Not_Guns_Colab49ff44ca65.jpg
279,/content/drive/My Drive/Colab Notebooks/Fin_Cap/FinCap_ImgScraping/Not_Guns_Colab4a0778a631.jpg
280,/content/drive/My Drive/Colab Notebooks/Fin_Cap/FinCap_ImgScraping/Not_Guns_Colab4a32b2e05c.jpg
281,/content/drive/My Drive/Colab Notebooks/Fin_Cap/FinCap_ImgScraping/Not_Guns_Colab4a335febaa.jpg
282,/content/drive/My Drive/Colab Notebooks/Fin_Cap/FinCap_ImgScraping/Not_Guns_Colab4a678b9977.jpg
283,/content/drive/My Drive/Colab Notebooks/Fin_Cap/FinCap_ImgScraping/Not_Guns_Colab4a9dd000e6.jpg
284,/content/drive/My Drive/Colab Notebooks/Fin_Cap/FinCap_ImgScraping/Not_Guns_Colab4ad5b5e8c6.jpg
285,/content/drive/My Drive/Colab Notebooks/Fin_Cap/FinCap_ImgScraping/Not_Guns_Colab4af2cddc00.jpg
286,/content/drive/My Drive/Colab Notebooks/Fin_Cap/FinCap_ImgScraping/Not_Guns_Colab4b790a8420.jpg
287,/content/drive/My Drive/Colab Notebooks/Fin_Cap/FinCap_ImgScraping/Not_Guns_Colab4b7ba95337.jpg
288,/content/drive/My Drive/Colab Notebooks/Fin_Cap/FinCap_ImgScraping/Not_Guns_Colab4e25c66ddb.jpg
289,/content/drive/My Drive/Colab Notebooks/Fin_Cap/FinCap_ImgScraping/Not_Guns_Colab4e3e6bcccb.jpg
290,/content/drive/My Drive/Colab Notebooks/Fin_Cap/FinCap_ImgScraping/Not_Guns_Colab4e799cd9d0.jpg
291,/content/drive/My Drive/Colab Notebooks/Fin_Cap/FinCap_ImgScraping/Not_Guns_Colab4e7cd00859.jpg
292,/content/drive/My Drive/Colab Notebooks/Fin_Cap/FinCap_ImgScraping/Not_Guns_Colab4e7eab40ee.jpg
293,/content/drive/My Drive/Colab Notebooks/Fin_Cap/FinCap_ImgScraping/Not_Guns_Colab4eb6a52576.jpg
294,/content/drive/My Drive/Colab Notebooks/Fin_Cap/FinCap_ImgScraping/Not_Guns_Colab4f74bf5e27.jpg
295,/content/drive/My Drive/Colab Notebooks/Fin_Cap/FinCap_ImgScraping/Not_Guns_Colab4fa7fa39df.jpg
296,/content/drive/My Drive/Colab Notebooks/Fin_Cap/FinCap_ImgScraping/Not_Guns_Colab5017a2cc33.jpg
297,/content/drive/My Drive/Colab Notebooks/Fin_Cap/FinCap_ImgScraping/Not_Guns_Colab5019358f25.jpg
298,/content/drive/My Drive/Colab Notebooks/Fin_Cap/FinCap_ImgScraping/Not_Guns_Colab50a7c606a8.jpg
299,/content/drive/My Drive/Colab Notebooks/Fin_Cap/FinCap_ImgScraping/Not_Guns_Colab51548b8820.jpg
300,/content/drive/My Drive/Colab Notebooks/Fin_Cap/FinCap_ImgScraping/Not_Guns_Colab51e73ead91.jpg
301,/content/drive/My Drive/Colab Notebooks/Fin_Cap/FinCap_ImgScraping/Not_Guns_Colab52112c54b4.jpg
302,/content/drive/My Drive/Colab Notebooks/Fin_Cap/FinCap_ImgScraping/Not_Guns_Colab524279431c.jpg
303,/content/drive/My Drive/Colab Notebooks/Fin_Cap/FinCap_ImgScraping/Not_Guns_Colab526d5caa6e.jpg
304,/content/drive/My Drive/Colab Notebooks/Fin_Cap/FinCap_ImgScraping/Not_Guns_Colab530ad531c4.jpg
305,/content/drive/My Drive/Colab Notebooks/Fin_Cap/FinCap_ImgScraping/Not_Guns_Colab531cb9148d.jpg
306,/content/drive/My Drive/Colab Notebooks/Fin_Cap/FinCap_ImgScraping/Not_Guns_Colab537ef23553.jpg
307,/content/drive/My Drive/Colab Notebooks/Fin_Cap/FinCap_ImgScraping/Not_Guns_Colab539161f1cf.jpg
308,/content/drive/My Drive/Colab Notebooks/Fin_Cap/FinCap_ImgScraping/Not_Guns_Colab53ad247b0c.jpg
309,/content/drive/My Drive/Colab Notebooks/Fin_Cap/FinCap_ImgScraping/Not_Guns_Colab53e3ccddc2.jpg
310,/content/drive/My Drive/Colab Notebooks/Fin_Cap/FinCap_ImgScraping/Not_Guns_Colab54e156297c.jpg
311,/content/drive/My Drive/Colab Notebooks/Fin_Cap/FinCap_ImgScraping/Not_Guns_Colab550f088775.jpg
312,/content/drive/My Drive/Colab Notebooks/Fin_Cap/FinCap_ImgScraping/Not_Guns_Colab55593e8f77.jpg
313,/content/drive/My Drive/Colab Notebooks/Fin_Cap/FinCap_ImgScraping/Not_Guns_Colab555f605371.jpg
314,/content/drive/My Drive/Colab Notebooks/Fin_Cap/FinCap_ImgScraping/Not_Guns_Colab5636c43290.jpg
315,/content/drive/My Drive/Colab Notebooks/Fin_Cap/FinCap_ImgScraping/Not_Guns_Colab5660649d45.jpg
316,/content/drive/My Drive/Colab Notebooks/Fin_Cap/FinCap_ImgScraping/Not_Guns_Colab5687d0baf7.jpg
317,/content/drive/My Drive/Colab Notebooks/Fin_Cap/FinCap_ImgScraping/Not_Guns_Colab56f955acee.jpg
318,/content/drive/My Drive/Colab Notebooks/Fin_Cap/FinCap_ImgScraping/Not_Guns_Colab571a17ab7e.jpg
319,/content/drive/My Drive/Colab Notebooks/Fin_Cap/FinCap_ImgScraping/Not_Guns_Colab57362e7356.jpg
320,/content/drive/My Drive/Colab Notebooks/Fin_Cap/FinCap_ImgScraping/Not_Guns_Colab579ad3f0d3.jpg
321,/content/drive/My Drive/Colab Notebooks/Fin_Cap/FinCap_ImgScraping/Not_Guns_Colab57aac1edd3.jpg
322,/content/drive/My Drive/Colab Notebooks/Fin_Cap/FinCap_ImgScraping/Not_Guns_Colab57eeeba48b.jpg
323,/content/drive/My Drive/Colab Notebooks/Fin_Cap/FinCap_ImgScraping/Not_Guns_Colab58547c5775.jpg
324,/content/drive/My Drive/Colab Notebooks/Fin_Cap/FinCap_ImgScraping/Not_Guns_Colab58f0f290c4.jpg
325,/content/drive/My Drive/Colab Notebooks/Fin_Cap/FinCap_ImgScraping/Not_Guns_Colab58f15d7862.jpg
326,/content/drive/My Drive/Colab Notebooks/Fin_Cap/FinCap_ImgScraping/Not_Guns_Colab5951a03466.jpg
327,/content/drive/My Drive/Colab Notebooks/Fin_Cap/FinCap_ImgScraping/Not_Guns_Colab597c15f2f9.jpg
328,/content/drive/My Drive/Colab Notebooks/Fin_Cap/FinCap_ImgScraping/Not_Guns_Colab59884e36cb.jpg
329,/content/drive/My Drive/Colab Notebooks/Fin_Cap/FinCap_ImgScraping/Not_Guns_Colab59c8b2218d.jpg
330,/content/drive/My Drive/Colab Notebooks/Fin_Cap/FinCap_ImgScraping/Not_Guns_Colab59ccb90987.jpg
331,/content/drive/My Drive/Colab Notebooks/Fin_Cap/FinCap_ImgScraping/Not_Guns_Colab5a4a659a8f.jpg
332,/content/drive/My Drive/Colab Notebooks/Fin_Cap/FinCap_ImgScraping/Not_Guns_Colab5a659e3e50.jpg
333,/content/drive/My Drive/Colab Notebooks/Fin_Cap/FinCap_ImgScraping/Not_Guns_Colab5a7d0f52b3.jpg
334,/content/drive/My Drive/Colab Notebooks/Fin_Cap/FinCap_ImgScraping/Not_Guns_Colab5a817c3f50.jpg
335,/content/drive/My Drive/Colab Notebooks/Fin_Cap/FinCap_ImgScraping/Not_Guns_Colab5a9cd7d4e0.jpg
336,/content/drive/My Drive/Colab Notebooks/Fin_Cap/FinCap_ImgScraping/Not_Guns_Colab5ab8c9d53e.jpg
337,/content/drive/My Drive/Colab Notebooks/Fin_Cap/FinCap_ImgScraping/Not_Guns_Colab5ae951022a.jpg
338,/content/drive/My Drive/Colab Notebooks/Fin_Cap/FinCap_ImgScraping/Not_Guns_Colab5b0599ef64.jpg
339,/content/drive/My Drive/Colab Notebooks/Fin_Cap/FinCap_ImgScraping/Not_Guns_Colab5b7f192355.jpg
340,/content/drive/My Drive/Colab Notebooks/Fin_Cap/FinCap_ImgScraping/Not_Guns_Colab5bde5fb562.jpg
341,/content/drive/My Drive/Colab Notebooks/Fin_Cap/FinCap_ImgScraping/Not_Guns_Colab5bf2ba2e10.jpg
342,/content/drive/My Drive/Colab Notebooks/Fin_Cap/FinCap_ImgScraping/Not_Guns_Colab5c3a216e54.jpg
343,/content/drive/My Drive/Colab Notebooks/Fin_Cap/FinCap_ImgScraping/Not_Guns_Colab5c41e267e2.jpg
344,/content/drive/My Drive/Colab Notebooks/Fin_Cap/FinCap_ImgScraping/Not_Guns_Colab5d58dd26ce.jpg
345,/content/drive/My Drive/Colab Notebooks/Fin_Cap/FinCap_ImgScraping/Not_Guns_Colab5d5b0af1ac.jpg
346,/content/drive/My Drive/Colab Notebooks/Fin_Cap/FinCap_ImgScraping/Not_Guns_Colab5e0f56b866.jpg
347,/content/drive/My Drive/Colab Notebooks/Fin_Cap/FinCap_ImgScraping/Not_Guns_Colab5e5133b920.jpg
348,/content/drive/My Drive/Colab Notebooks/Fin_Cap/FinCap_ImgScraping/Not_Guns_Colab5e5b541ce9.jpg
349,/content/drive/My Drive/Colab Notebooks/Fin_Cap/FinCap_ImgScraping/Not_Guns_Colab5edf8bf7b8.jpg
350,/content/drive/My Drive/Colab Notebooks/Fin_Cap/FinCap_ImgScraping/Not_Guns_Colab5f4b29979d.jpg
351,/content/drive/My Drive/Colab Notebooks/Fin_Cap/FinCap_ImgScraping/Not_Guns_Colab5faa448aec.jpg
352,/content/drive/My Drive/Colab Notebooks/Fin_Cap/FinCap_ImgScraping/Not_Guns_Colab603eaf6bdb.jpg
353,/content/drive/My Drive/Colab Notebooks/Fin_Cap/FinCap_ImgScraping/Not_Guns_Colab60757b3057.jpg
354,/content/drive/My Drive/Colab Notebooks/Fin_Cap/FinCap_ImgScraping/Not_Guns_Colab60eefba148.jpg
355,/content/drive/My Drive/Colab Notebooks/Fin_Cap/FinCap_ImgScraping/Not_Guns_Colab60fdd09185.jpg
356,/content/drive/My Drive/Colab Notebooks/Fin_Cap/FinCap_ImgScraping/Not_Guns_Colab613a1d454b.jpg
357,/content/drive/My Drive/Colab Notebooks/Fin_Cap/FinCap_ImgScraping/Not_Guns_Colab61d66d0c22.jpg
358,/content/drive/My Drive/Colab Notebooks/Fin_Cap/FinCap_ImgScraping/Not_Guns_Colab6208bee366.jpg
359,/content/drive/My Drive/Colab Notebooks/Fin_Cap/FinCap_ImgScraping/Not_Guns_Colab625cdd5df6.jpg
360,/content/drive/My Drive/Colab Notebooks/Fin_Cap/FinCap_ImgScraping/Not_Guns_Colab62e7518012.jpg
361,/content/drive/My Drive/Colab Notebooks/Fin_Cap/FinCap_ImgScraping/Not_Guns_Colab62eb4e1d60.jpg
362,/content/drive/My Drive/Colab Notebooks/Fin_Cap/FinCap_ImgScraping/Not_Guns_Colab631380d8d1.jpg
363,/content/drive/My Drive/Colab Notebooks/Fin_Cap/FinCap_ImgScraping/Not_Guns_Colab63b1876c1a.jpg
364,/content/drive/My Drive/Colab Notebooks/Fin_Cap/FinCap_ImgScraping/Not_Guns_Colab642ac0ba14.jpg
365,/content/drive/My Drive/Colab Notebooks/Fin_Cap/FinCap_ImgScraping/Not_Guns_Colab64322783fb.jpg
366,/content/drive/My Drive/Colab Notebooks/Fin_Cap/FinCap_ImgScraping/Not_Guns_Colab652ef375c0.jpg
367,/content/drive/My Drive/Colab Notebooks/Fin_Cap/FinCap_ImgScraping/Not_Guns_Colab657b7dd74a.jpg
368,/content/drive/My Drive/Colab Notebooks/Fin_Cap/FinCap_ImgScraping/Not_Guns_Colab65d929c6a8.jpg
369,/content/drive/My Drive/Colab Notebooks/Fin_Cap/FinCap_ImgScraping/Not_Guns_Colab65e73a604d.jpg
370,/content/drive/My Drive/Colab Notebooks/Fin_Cap/FinCap_ImgScraping/Not_Guns_Colab661451ddc6.jpg
371,/content/drive/My Drive/Colab Notebooks/Fin_Cap/FinCap_ImgScraping/Not_Guns_Colab662fff0d6c.jpg
372,/content/drive/My Drive/Colab Notebooks/Fin_Cap/FinCap_ImgScraping/Not_Guns_Colab66f4521e46.jpg
373,/content/drive/My Drive/Colab Notebooks/Fin_Cap/FinCap_ImgScraping/Not_Guns_Colab673e85813c.jpg
374,/content/drive/My Drive/Colab Notebooks/Fin_Cap/FinCap_ImgScraping/Not_Guns_Colab6773ae26c8.jpg
375,/content/drive/My Drive/Colab Notebooks/Fin_Cap/FinCap_ImgScraping/Not_Guns_Colab67781eac21.jpg
376,/content/drive/My Drive/Colab Notebooks/Fin_Cap/FinCap_ImgScraping/Not_Guns_Colab678bc8ddff.jpg
377,/content/drive/My Drive/Colab Notebooks/Fin_Cap/FinCap_ImgScraping/Not_Guns_Colab67c600154a.jpg
378,/content/drive/My Drive/Colab Notebooks/Fin_Cap/FinCap_ImgScraping/Not_Guns_Colab683c3990e7.jpg
379,/content/drive/My Drive/Colab Notebooks/Fin_Cap/FinCap_ImgScraping/Not_Guns_Colab68466d03ad.jpg
380,/content/drive/My Drive/Colab Notebooks/Fin_Cap/FinCap_ImgScraping/Not_Guns_Colab688d5d7073.jpg
381,/content/drive/My Drive/Colab Notebooks/Fin_Cap/FinCap_ImgScraping/Not_Guns_Colab68e58b5164.jpg
382,/content/drive/My Drive/Colab Notebooks/Fin_Cap/FinCap_ImgScraping/Not_Guns_Colab68ef2e38fe.jpg
383,/content/drive/My Drive/Colab Notebooks/Fin_Cap/FinCap_ImgScraping/Not_Guns_Colab6942be11d9.jpg
384,/content/drive/My Drive/Colab Notebooks/Fin_Cap/FinCap_ImgScraping/Not_Guns_Colab694cf43d02.jpg
385,/content/drive/My Drive/Colab Notebooks/Fin_Cap/FinCap_ImgScraping/Not_Guns_Colab69dc808816.jpg
386,/content/drive/My Drive/Colab Notebooks/Fin_Cap/FinCap_ImgScraping/Not_Guns_Colab6a1259ae45.jpg
387,/content/drive/My Drive/Colab Notebooks/Fin_Cap/FinCap_ImgScraping/Not_Guns_Colab6a7f5f4631.jpg
388,/content/drive/My Drive/Colab Notebooks/Fin_Cap/FinCap_ImgScraping/Not_Guns_Colab6b010afd96.jpg
389,/content/drive/My Drive/Colab Notebooks/Fin_Cap/FinCap_ImgScraping/Not_Guns_Colab6b3cfaed0e.jpg
390,/content/drive/My Drive/Colab Notebooks/Fin_Cap/FinCap_ImgScraping/Not_Guns_Colab6b7f2420e8.jpg
391,/content/drive/My Drive/Colab Notebooks/Fin_Cap/FinCap_ImgScraping/Not_Guns_Colab6bd7381082.jpg
392,/content/drive/My Drive/Colab Notebooks/Fin_Cap/FinCap_ImgScraping/Not_Guns_Colab6c16a94b45.jpg
393,/content/drive/My Drive/Colab Notebooks/Fin_Cap/FinCap_ImgScraping/Not_Guns_Colab6c16c18621.jpg
394,/content/drive/My Drive/Colab Notebooks/Fin_Cap/FinCap_ImgScraping/Not_Guns_Colab6c26be529c.jpg
395,/content/drive/My Drive/Colab Notebooks/Fin_Cap/FinCap_ImgScraping/Not_Guns_Colab6c37fb195d.jpg
396,/content/drive/My Drive/Colab Notebooks/Fin_Cap/FinCap_ImgScraping/Not_Guns_Colab6c65b7f28b.jpg
397,/content/drive/My Drive/Colab Notebooks/Fin_Cap/FinCap_ImgScraping/Not_Guns_Colab6cf0744598.jpg
398,/content/drive/My Drive/Colab Notebooks/Fin_Cap/FinCap_ImgScraping/Not_Guns_Colab6e5b85fe3e.jpg
399,/content/drive/My Drive/Colab Notebooks/Fin_Cap/FinCap_ImgScraping/Not_Guns_Colab6f193bf9fb.jpg
400,/content/drive/My Drive/Colab Notebooks/Fin_Cap/FinCap_ImgScraping/Not_Guns_Colab6f655ef6e8.jpg
401,/content/drive/My Drive/Colab Notebooks/Fin_Cap/FinCap_ImgScraping/Not_Guns_Colab6fb03c2f4e.jpg
402,/content/drive/My Drive/Colab Notebooks/Fin_Cap/FinCap_ImgScraping/Not_Guns_Colab6fcf753f87.jpg
403,/content/drive/My Drive/Colab Notebooks/Fin_Cap/FinCap_ImgScraping/Not_Guns_Colab6fec08d758.jpg
404,/content/drive/My Drive/Colab Notebooks/Fin_Cap/FinCap_ImgScraping/Not_Guns_Colab70582a70a0.jpg
405,/content/drive/My Drive/Colab Notebooks/Fin_Cap/FinCap_ImgScraping/Not_Guns_Colab708c806532.jpg
406,/content/drive/My Drive/Colab Notebooks/Fin_Cap/FinCap_ImgScraping/Not_Guns_Colab7095f76ca9.jpg
407,/content/drive/My Drive/Colab Notebooks/Fin_Cap/FinCap_ImgScraping/Not_Guns_Colab70eb3468d6.jpg
408,/content/drive/My Drive/Colab Notebooks/Fin_Cap/FinCap_ImgScraping/Not_Guns_Colab71803fd0f8.jpg
409,/content/drive/My Drive/Colab Notebooks/Fin_Cap/FinCap_ImgScraping/Not_Guns_Colab719fe288bb.jpg
410,/content/drive/My Drive/Colab Notebooks/Fin_Cap/FinCap_ImgScraping/Not_Guns_Colab71ac66d285.jpg
411,/content/drive/My Drive/Colab Notebooks/Fin_Cap/FinCap_ImgScraping/Not_Guns_Colab71b4320526.jpg
412,/content/drive/My Drive/Colab Notebooks/Fin_Cap/FinCap_ImgScraping/Not_Guns_Colab71e735b253.jpg
413,/content/drive/My Drive/Colab Notebooks/Fin_Cap/FinCap_ImgScraping/Not_Guns_Colab71e8ea5639.jpg
414,/content/drive/My Drive/Colab Notebooks/Fin_Cap/FinCap_ImgScraping/Not_Guns_Colab71fb06ad49.jpg
415,/content/drive/My Drive/Colab Notebooks/Fin_Cap/FinCap_ImgScraping/Not_Guns_Colab71fb259d4c.jpg
416,/content/drive/My Drive/Colab Notebooks/Fin_Cap/FinCap_ImgScraping/Not_Guns_Colab72332a6f74.jpg
417,/content/drive/My Drive/Colab Notebooks/Fin_Cap/FinCap_ImgScraping/Not_Guns_Colab725f89ac7a.jpg
418,/content/drive/My Drive/Colab Notebooks/Fin_Cap/FinCap_ImgScraping/Not_Guns_Colab7269390835.jpg
419,/content/drive/My Drive/Colab Notebooks/Fin_Cap/FinCap_ImgScraping/Not_Guns_Colab72a01fb82c.jpg
420,/content/drive/My Drive/Colab Notebooks/Fin_Cap/FinCap_ImgScraping/Not_Guns_Colab731a1adfc2.jpg
421,/content/drive/My Drive/Colab Notebooks/Fin_Cap/FinCap_ImgScraping/Not_Guns_Colab7332e979af.jpg
422,/content/drive/My Drive/Colab Notebooks/Fin_Cap/FinCap_ImgScraping/Not_Guns_Colab73a1113e3b.jpg
423,/content/drive/My Drive/Colab Notebooks/Fin_Cap/FinCap_ImgScraping/Not_Guns_Colab73a9f0ea03.jpg
424,/content/drive/My Drive/Colab Notebooks/Fin_Cap/FinCap_ImgScraping/Not_Guns_Colab7403fda66b.jpg
425,/content/drive/My Drive/Colab Notebooks/Fin_Cap/FinCap_ImgScraping/Not_Guns_Colab7467f3d4a3.jpg
426,/content/drive/My Drive/Colab Notebooks/Fin_Cap/FinCap_ImgScraping/Not_Guns_Colab746fb86cea.jpg
427,/content/drive/My Drive/Colab Notebooks/Fin_Cap/FinCap_ImgScraping/Not_Guns_Colab756a9d1f93.jpg
428,/content/drive/My Drive/Colab Notebooks/Fin_Cap/FinCap_ImgScraping/Not_Guns_Colab757c6bf385.jpg
429,/content/drive/My Drive/Colab Notebooks/Fin_Cap/FinCap_ImgScraping/Not_Guns_Colab757ccbb52c.jpg
430,/content/drive/My Drive/Colab Notebooks/Fin_Cap/FinCap_ImgScraping/Not_Guns_Colab7595ea1d46.jpg
431,/content/drive/My Drive/Colab Notebooks/Fin_Cap/FinCap_ImgScraping/Not_Guns_Colab75a70a6b5e.jpg
432,/content/drive/My Drive/Colab Notebooks/Fin_Cap/FinCap_ImgScraping/Not_Guns_Colab75c248c72f.jpg
433,/content/drive/My Drive/Colab Notebooks/Fin_Cap/FinCap_ImgScraping/Not_Guns_Colab7622b77d0c.jpg
434,/content/drive/My Drive/Colab Notebooks/Fin_Cap/FinCap_ImgScraping/Not_Guns_Colab76b4014100.jpg
435,/content/drive/My Drive/Colab Notebooks/Fin_Cap/FinCap_ImgScraping/Not_Guns_Colab76e7351612.jpg
436,/content/drive/My Drive/Colab Notebooks/Fin_Cap/FinCap_ImgScraping/Not_Guns_Colab76f075a346.jpg
437,/content/drive/My Drive/Colab Notebooks/Fin_Cap/FinCap_ImgScraping/Not_Guns_Colab772f69716f.jpg
438,/content/drive/My Drive/Colab Notebooks/Fin_Cap/FinCap_ImgScraping/Not_Guns_Colab776613ac80.jpg
439,/content/drive/My Drive/Colab Notebooks/Fin_Cap/FinCap_ImgScraping/Not_Guns_Colab7790f6f89d.jpg
440,/content/drive/My Drive/Colab Notebooks/Fin_Cap/FinCap_ImgScraping/Not_Guns_Colab7794e3b6d8.jpg
441,/content/drive/My Drive/Colab Notebooks/Fin_Cap/FinCap_ImgScraping/Not_Guns_Colab77b0f1620b.jpg
442,/content/drive/My Drive/Colab Notebooks/Fin_Cap/FinCap_ImgScraping/Not_Guns_Colab7849de287b.jpg
443,/content/drive/My Drive/Colab Notebooks/Fin_Cap/FinCap_ImgScraping/Not_Guns_Colab78bb72c1c5.jpg
444,/content/drive/My Drive/Colab Notebooks/Fin_Cap/FinCap_ImgScraping/Not_Guns_Colab78e57167fd.jpg
445,/content/drive/My Drive/Colab Notebooks/Fin_Cap/FinCap_ImgScraping/Not_Guns_Colab7913f0acdc.jpg
446,/content/drive/My Drive/Colab Notebooks/Fin_Cap/FinCap_ImgScraping/Not_Guns_Colab791ac21492.jpg
447,/content/drive/My Drive/Colab Notebooks/Fin_Cap/FinCap_ImgScraping/Not_Guns_Colab792e402a21.jpg
448,/content/drive/My Drive/Colab Notebooks/Fin_Cap/FinCap_ImgScraping/Not_Guns_Colab7a32e30ae5.jpg
449,/content/drive/My Drive/Colab Notebooks/Fin_Cap/FinCap_ImgScraping/Not_Guns_Colab7a412a2c67.jpg
450,/content/drive/My Drive/Colab Notebooks/Fin_Cap/FinCap_ImgScraping/Not_Guns_Colab7a8a52313d.jpg
451,/content/drive/My Drive/Colab Notebooks/Fin_Cap/FinCap_ImgScraping/Not_Guns_Colab7a9f0e21e1.jpg
452,/content/drive/My Drive/Colab Notebooks/Fin_Cap/FinCap_ImgScraping/Not_Guns_Colab7aaec36934.jpg
453,/content/drive/My Drive/Colab Notebooks/Fin_Cap/FinCap_ImgScraping/Not_Guns_Colab7aba9256e5.jpg
454,/content/drive/My Drive/Colab Notebooks/Fin_Cap/FinCap_ImgScraping/Not_Guns_Colab7ac237282e.jpg
455,/content/drive/My Drive/Colab Notebooks/Fin_Cap/FinCap_ImgScraping/Not_Guns_Colab7b36a93b6c.jpg
456,/content/drive/My Drive/Colab Notebooks/Fin_Cap/FinCap_ImgScraping/Not_Guns_Colab7b3be86b5b.jpg
457,/content/drive/My Drive/Colab Notebooks/Fin_Cap/FinCap_ImgScraping/Not_Guns_Colab7b73bb4f8d.jpg
458,/content/drive/My Drive/Colab Notebooks/Fin_Cap/FinCap_ImgScraping/Not_Guns_Colab7b764264ef.jpg
459,/content/drive/My Drive/Colab Notebooks/Fin_Cap/FinCap_ImgScraping/Not_Guns_Colab7bb24c638a.jpg
460,/content/drive/My Drive/Colab Notebooks/Fin_Cap/FinCap_ImgScraping/Not_Guns_Colab7c6cf81dff.jpg
461,/content/drive/My Drive/Colab Notebooks/Fin_Cap/FinCap_ImgScraping/Not_Guns_Colab7c913105c5.jpg
462,/content/drive/My Drive/Colab Notebooks/Fin_Cap/FinCap_ImgScraping/Not_Guns_Colab7d22bd96f3.jpg
463,/content/drive/My Drive/Colab Notebooks/Fin_Cap/FinCap_ImgScraping/Not_Guns_Colab7d28398c37.jpg
464,/content/drive/My Drive/Colab Notebooks/Fin_Cap/FinCap_ImgScraping/Not_Guns_Colab7dbbdc3d65.jpg
465,/content/drive/My Drive/Colab Notebooks/Fin_Cap/FinCap_ImgScraping/Not_Guns_Colab7dd7a952db.jpg
466,/content/drive/My Drive/Colab Notebooks/Fin_Cap/FinCap_ImgScraping/Not_Guns_Colab7dff4b7086.jpg
467,/content/drive/My Drive/Colab Notebooks/Fin_Cap/FinCap_ImgScraping/Not_Guns_Colab7ea46bfffa.jpg
468,/content/drive/My Drive/Colab Notebooks/Fin_Cap/FinCap_ImgScraping/Not_Guns_Colab7ed0034b31.jpg
469,/content/drive/My Drive/Colab Notebooks/Fin_Cap/FinCap_ImgScraping/Not_Guns_Colab7ed1d3cd35.jpg
470,/content/drive/My Drive/Colab Notebooks/Fin_Cap/FinCap_ImgScraping/Not_Guns_Colab7f7a6e87d8.jpg
471,/content/drive/My Drive/Colab Notebooks/Fin_Cap/FinCap_ImgScraping/Not_Guns_Colab7f7bb54afe.jpg
472,/content/drive/My Drive/Colab Notebooks/Fin_Cap/FinCap_ImgScraping/Not_Guns_Colab80d345f176.jpg
473,/content/drive/My Drive/Colab Notebooks/Fin_Cap/FinCap_ImgScraping/Not_Guns_Colab80d85550fb.jpg
474,/content/drive/My Drive/Colab Notebooks/Fin_Cap/FinCap_ImgScraping/Not_Guns_Colab8172672239.jpg
475,/content/drive/My Drive/Colab Notebooks/Fin_Cap/FinCap_ImgScraping/Not_Guns_Colab82350e9a1f.jpg
476,/content/drive/My Drive/Colab Notebooks/Fin_Cap/FinCap_ImgScraping/Not_Guns_Colab829b6b88e2.jpg
477,/content/drive/My Drive/Colab Notebooks/Fin_Cap/FinCap_ImgScraping/Not_Guns_Colab830f313bab.jpg
478,/content/drive/My Drive/Colab Notebooks/Fin_Cap/FinCap_ImgScraping/Not_Guns_Colab832c73f65e.jpg
479,/content/drive/My Drive/Colab Notebooks/Fin_Cap/FinCap_ImgScraping/Not_Guns_Colab837d248b42.jpg
480,/content/drive/My Drive/Colab Notebooks/Fin_Cap/FinCap_ImgScraping/Not_Guns_Colab84190e1ada.jpg
481,/content/drive/My Drive/Colab Notebooks/Fin_Cap/FinCap_ImgScraping/Not_Guns_Colab8419f5c9cb.jpg
482,/content/drive/My Drive/Colab Notebooks/Fin_Cap/FinCap_ImgScraping/Not_Guns_Colab843a40a20f.jpg
483,/content/drive/My Drive/Colab Notebooks/Fin_Cap/FinCap_ImgScraping/Not_Guns_Colab843b72b2f2.jpg
484,/content/drive/My Drive/Colab Notebooks/Fin_Cap/FinCap_ImgScraping/Not_Guns_Colab8449b331cf.jpg
485,/content/drive/My Drive/Colab Notebooks/Fin_Cap/FinCap_ImgScraping/Not_Guns_Colab84617c1b00.jpg
486,/content/drive/My Drive/Colab Notebooks/Fin_Cap/FinCap_ImgScraping/Not_Guns_Colab84793eea63.jpg
487,/content/drive/My Drive/Colab Notebooks/Fin_Cap/FinCap_ImgScraping/Not_Guns_Colab849d12e229.jpg
488,/content/drive/My Drive/Colab Notebooks/Fin_Cap/FinCap_ImgScraping/Not_Guns_Colab8526227127.jpg
489,/content/drive/My Drive/Colab Notebooks/Fin_Cap/FinCap_ImgScraping/Not_Guns_Colab857d1ab69a.jpg
490,/content/drive/My Drive/Colab Notebooks/Fin_Cap/FinCap_ImgScraping/Not_Guns_Colab85b93aa63a.jpg
491,/content/drive/My Drive/Colab Notebooks/Fin_Cap/FinCap_ImgScraping/Not_Guns_Colab85e3c57aa4.jpg
492,/content/drive/My Drive/Colab Notebooks/Fin_Cap/FinCap_ImgScraping/Not_Guns_Colab8649538d0b.jpg
493,/content/drive/My Drive/Colab Notebooks/Fin_Cap/FinCap_ImgScraping/Not_Guns_Colab864e635fc5.jpg
494,/content/drive/My Drive/Colab Notebooks/Fin_Cap/FinCap_ImgScraping/Not_Guns_Colab868977922e.jpg
495,/content/drive/My Drive/Colab Notebooks/Fin_Cap/FinCap_ImgScraping/Not_Guns_Colab868d61b5a4.jpg
496,/content/drive/My Drive/Colab Notebooks/Fin_Cap/FinCap_ImgScraping/Not_Guns_Colab8723c6711d.jpg
497,/content/drive/My Drive/Colab Notebooks/Fin_Cap/FinCap_ImgScraping/Not_Guns_Colab8745a5b950.jpg
498,/content/drive/My Drive/Colab Notebooks/Fin_Cap/FinCap_ImgScraping/Not_Guns_Colab8761769d2c.jpg
499,/content/drive/My Drive/Colab Notebooks/Fin_Cap/FinCap_ImgScraping/Not_Guns_Colab87979aa7df.jpg
500,/content/drive/My Drive/Colab Notebooks/Fin_Cap/FinCap_ImgScraping/Not_Guns_Colab87de2b05a8.jpg
501,/content/drive/My Drive/Colab Notebooks/Fin_Cap/FinCap_ImgScraping/Not_Guns_Colab8832cdb979.jpg
502,/content/drive/My Drive/Colab Notebooks/Fin_Cap/FinCap_ImgScraping/Not_Guns_Colab8936d33364.jpg
503,/content/drive/My Drive/Colab Notebooks/Fin_Cap/FinCap_ImgScraping/Not_Guns_Colab8973f27f60.jpg
504,/content/drive/My Drive/Colab Notebooks/Fin_Cap/FinCap_ImgScraping/Not_Guns_Colab89dde0f840.jpg
505,/content/drive/My Drive/Colab Notebooks/Fin_Cap/FinCap_ImgScraping/Not_Guns_Colab89f820bc64.jpg
506,/content/drive/My Drive/Colab Notebooks/Fin_Cap/FinCap_ImgScraping/Not_Guns_Colab8b8ca75ac9.jpg
507,/content/drive/My Drive/Colab Notebooks/Fin_Cap/FinCap_ImgScraping/Not_Guns_Colab8c48b8fe96.jpg
508,/content/drive/My Drive/Colab Notebooks/Fin_Cap/FinCap_ImgScraping/Not_Guns_Colab8d508d56ee.jpg
509,/content/drive/My Drive/Colab Notebooks/Fin_Cap/FinCap_ImgScraping/Not_Guns_Colab8d63a90f91.jpg
510,/content/drive/My Drive/Colab Notebooks/Fin_Cap/FinCap_ImgScraping/Not_Guns_Colab8dc2440e12.jpg
511,/content/drive/My Drive/Colab Notebooks/Fin_Cap/FinCap_ImgScraping/Not_Guns_Colab8dd251b1d2.jpg
512,/content/drive/My Drive/Colab Notebooks/Fin_Cap/FinCap_ImgScraping/Not_Guns_Colab8e64918f8e.jpg
513,/content/drive/My Drive/Colab Notebooks/Fin_Cap/FinCap_ImgScraping/Not_Guns_Colab8e88e95b38.jpg
514,/content/drive/My Drive/Colab Notebooks/Fin_Cap/FinCap_ImgScraping/Not_Guns_Colab8e9bce3f1a.jpg
515,/content/drive/My Drive/Colab Notebooks/Fin_Cap/FinCap_ImgScraping/Not_Guns_Colab8ef70d35c7.jpg
516,/content/drive/My Drive/Colab Notebooks/Fin_Cap/FinCap_ImgScraping/Not_Guns_Colab8f025537d6.jpg
517,/content/drive/My Drive/Colab Notebooks/Fin_Cap/FinCap_ImgScraping/Not_Guns_Colab8f0a28b130.jpg
518,/content/drive/My Drive/Colab Notebooks/Fin_Cap/FinCap_ImgScraping/Not_Guns_Colab8f1cf8e7e8.jpg
519,/content/drive/My Drive/Colab Notebooks/Fin_Cap/FinCap_ImgScraping/Not_Guns_Colab8f962cc37e.jpg
520,/content/drive/My Drive/Colab Notebooks/Fin_Cap/FinCap_ImgScraping/Not_Guns_Colab90d10cb39f.jpg
521,/content/drive/My Drive/Colab Notebooks/Fin_Cap/FinCap_ImgScraping/Not_Guns_Colab90ee96440e.jpg
522,/content/drive/My Drive/Colab Notebooks/Fin_Cap/FinCap_ImgScraping/Not_Guns_Colab917054b696.jpg
523,/content/drive/My Drive/Colab Notebooks/Fin_Cap/FinCap_ImgScraping/Not_Guns_Colab9199399d42.jpg
524,/content/drive/My Drive/Colab Notebooks/Fin_Cap/FinCap_ImgScraping/Not_Guns_Colab923684c755.jpg
525,/content/drive/My Drive/Colab Notebooks/Fin_Cap/FinCap_ImgScraping/Not_Guns_Colab92409a68a4.jpg
526,/content/drive/My Drive/Colab Notebooks/Fin_Cap/FinCap_ImgScraping/Not_Guns_Colab92588ba066.jpg
527,/content/drive/My Drive/Colab Notebooks/Fin_Cap/FinCap_ImgScraping/Not_Guns_Colab9303988d6c.jpg
528,/content/drive/My Drive/Colab Notebooks/Fin_Cap/FinCap_ImgScraping/Not_Guns_Colab9338fbb662.jpg
529,/content/drive/My Drive/Colab Notebooks/Fin_Cap/FinCap_ImgScraping/Not_Guns_Colab9345129373.jpg
530,/content/drive/My Drive/Colab Notebooks/Fin_Cap/FinCap_ImgScraping/Not_Guns_Colab936eb7922f.jpg
531,/content/drive/My Drive/Colab Notebooks/Fin_Cap/FinCap_ImgScraping/Not_Guns_Colab9386e35282.jpg
532,/content/drive/My Drive/Colab Notebooks/Fin_Cap/FinCap_ImgScraping/Not_Guns_Colab94218d08ca.jpg
533,/content/drive/My Drive/Colab Notebooks/Fin_Cap/FinCap_ImgScraping/Not_Guns_Colab94bd8e0c88.jpg
534,/content/drive/My Drive/Colab Notebooks/Fin_Cap/FinCap_ImgScraping/Not_Guns_Colab94ce12960c.jpg
535,/content/drive/My Drive/Colab Notebooks/Fin_Cap/FinCap_ImgScraping/Not_Guns_Colab95240b9e06.jpg
536,/content/drive/My Drive/Colab Notebooks/Fin_Cap/FinCap_ImgScraping/Not_Guns_Colab954b1a507b.jpg
537,/content/drive/My Drive/Colab Notebooks/Fin_Cap/FinCap_ImgScraping/Not_Guns_Colab957b83b791.jpg
538,/content/drive/My Drive/Colab Notebooks/Fin_Cap/FinCap_ImgScraping/Not_Guns_Colab95837d62fb.jpg
539,/content/drive/My Drive/Colab Notebooks/Fin_Cap/FinCap_ImgScraping/Not_Guns_Colab95bbd33ee4.jpg
540,/content/drive/My Drive/Colab Notebooks/Fin_Cap/FinCap_ImgScraping/Not_Guns_Colab960979120d.jpg
541,/content/drive/My Drive/Colab Notebooks/Fin_Cap/FinCap_ImgScraping/Not_Guns_Colab961ceb2ba5.jpg
542,/content/drive/My Drive/Colab Notebooks/Fin_Cap/FinCap_ImgScraping/Not_Guns_Colab9686b2458c.jpg
543,/content/drive/My Drive/Colab Notebooks/Fin_Cap/FinCap_ImgScraping/Not_Guns_Colab9689a5420d.jpg
544,/content/drive/My Drive/Colab Notebooks/Fin_Cap/FinCap_ImgScraping/Not_Guns_Colab969c23e44d.jpg
545,/content/drive/My Drive/Colab Notebooks/Fin_Cap/FinCap_ImgScraping/Not_Guns_Colab97157da26e.jpg
546,/content/drive/My Drive/Colab Notebooks/Fin_Cap/FinCap_ImgScraping/Not_Guns_Colab97186f5728.jpg
547,/content/drive/My Drive/Colab Notebooks/Fin_Cap/FinCap_ImgScraping/Not_Guns_Colab974df89578.jpg
548,/content/drive/My Drive/Colab Notebooks/Fin_Cap/FinCap_ImgScraping/Not_Guns_Colab977dbf93c6.jpg
549,/content/drive/My Drive/Colab Notebooks/Fin_Cap/FinCap_ImgScraping/Not_Guns_Colab977efe7805.jpg
550,/content/drive/My Drive/Colab Notebooks/Fin_Cap/FinCap_ImgScraping/Not_Guns_Colab978eb1c355.jpg
551,/content/drive/My Drive/Colab Notebooks/Fin_Cap/FinCap_ImgScraping/Not_Guns_Colab97a91448f8.jpg
552,/content/drive/My Drive/Colab Notebooks/Fin_Cap/FinCap_ImgScraping/Not_Guns_Colab9817d91b58.jpg
553,/content/drive/My Drive/Colab Notebooks/Fin_Cap/FinCap_ImgScraping/Not_Guns_Colab988db5d63e.jpg
554,/content/drive/My Drive/Colab Notebooks/Fin_Cap/FinCap_ImgScraping/Not_Guns_Colab98b6d24a8e.jpg
555,/content/drive/My Drive/Colab Notebooks/Fin_Cap/FinCap_ImgScraping/Not_Guns_Colab98feddc907.jpg
556,/content/drive/My Drive/Colab Notebooks/Fin_Cap/FinCap_ImgScraping/Not_Guns_Colab994af676ce.jpg
557,/content/drive/My Drive/Colab Notebooks/Fin_Cap/FinCap_ImgScraping/Not_Guns_Colab9961c91cca.jpg
558,/content/drive/My Drive/Colab Notebooks/Fin_Cap/FinCap_ImgScraping/Not_Guns_Colab99aca1a047.jpg
559,/content/drive/My Drive/Colab Notebooks/Fin_Cap/FinCap_ImgScraping/Not_Guns_Colab9a1b1d6871.jpg
560,/content/drive/My Drive/Colab Notebooks/Fin_Cap/FinCap_ImgScraping/Not_Guns_Colab9b27bcdf0d.jpg
561,/content/drive/My Drive/Colab Notebooks/Fin_Cap/FinCap_ImgScraping/Not_Guns_Colab9b573f3402.jpg
562,/content/drive/My Drive/Colab Notebooks/Fin_Cap/FinCap_ImgScraping/Not_Guns_Colab9b6b310e94.jpg
563,/content/drive/My Drive/Colab Notebooks/Fin_Cap/FinCap_ImgScraping/Not_Guns_Colab9b95088390.jpg
564,/content/drive/My Drive/Colab Notebooks/Fin_Cap/FinCap_ImgScraping/Not_Guns_Colab9c9270b0f6.jpg
565,/content/drive/My Drive/Colab Notebooks/Fin_Cap/FinCap_ImgScraping/Not_Guns_Colab9c996f0d13.jpg
566,/content/drive/My Drive/Colab Notebooks/Fin_Cap/FinCap_ImgScraping/Not_Guns_Colab9c99887099.jpg
567,/content/drive/My Drive/Colab Notebooks/Fin_Cap/FinCap_ImgScraping/Not_Guns_Colab9cdcecacae.jpg
568,/content/drive/My Drive/Colab Notebooks/Fin_Cap/FinCap_ImgScraping/Not_Guns_Colab9d6b84d850.jpg
569,/content/drive/My Drive/Colab Notebooks/Fin_Cap/FinCap_ImgScraping/Not_Guns_Colab9dc5b1ef35.jpg
570,/content/drive/My Drive/Colab Notebooks/Fin_Cap/FinCap_ImgScraping/Not_Guns_Colab9dd4fb0793.jpg
571,/content/drive/My Drive/Colab Notebooks/Fin_Cap/FinCap_ImgScraping/Not_Guns_Colab9e66fc4fd4.jpg
572,/content/drive/My Drive/Colab Notebooks/Fin_Cap/FinCap_ImgScraping/Not_Guns_Colab9ee3558c6d.jpg
573,/content/drive/My Drive/Colab Notebooks/Fin_Cap/FinCap_ImgScraping/Not_Guns_Colab9f19cafb88.jpg
574,/content/drive/My Drive/Colab Notebooks/Fin_Cap/FinCap_ImgScraping/Not_Guns_Colab9f2e457a47.jpg
575,/content/drive/My Drive/Colab Notebooks/Fin_Cap/FinCap_ImgScraping/Not_Guns_Colab9fac46cf33.jpg
576,/content/drive/My Drive/Colab Notebooks/Fin_Cap/FinCap_ImgScraping/Not_Guns_Colab9fc5c164f0.jpg
577,/content/drive/My Drive/Colab Notebooks/Fin_Cap/FinCap_ImgScraping/Not_Guns_Colab9fda7b82e0.jpg
578,/content/drive/My Drive/Colab Notebooks/Fin_Cap/FinCap_ImgScraping/Not_Guns_Colab9ff1d52e66.jpg
579,/content/drive/My Drive/Colab Notebooks/Fin_Cap/FinCap_ImgScraping/Not_Guns_Colab9ff973ec26.jpg
580,/content/drive/My Drive/Colab Notebooks/Fin_Cap/FinCap_ImgScraping/Not_Guns_Colaba024946a65.jpg
581,/content/drive/My Drive/Colab Notebooks/Fin_Cap/FinCap_ImgScraping/Not_Guns_Colaba04567946c.jpg
582,/content/drive/My Drive/Colab Notebooks/Fin_Cap/FinCap_ImgScraping/Not_Guns_Colaba06b420e72.jpg
583,/content/drive/My Drive/Colab Notebooks/Fin_Cap/FinCap_ImgScraping/Not_Guns_Colaba0c1df06d0.jpg
584,/content/drive/My Drive/Colab Notebooks/Fin_Cap/FinCap_ImgScraping/Not_Guns_Colaba13603a811.jpg
585,/content/drive/My Drive/Colab Notebooks/Fin_Cap/FinCap_ImgScraping/Not_Guns_Colaba1493ffe65.jpg
586,/content/drive/My Drive/Colab Notebooks/Fin_Cap/FinCap_ImgScraping/Not_Guns_Colaba17fffea87.jpg
587,/content/drive/My Drive/Colab Notebooks/Fin_Cap/FinCap_ImgScraping/Not_Guns_Colaba1a29e0284.jpg
588,/content/drive/My Drive/Colab Notebooks/Fin_Cap/FinCap_ImgScraping/Not_Guns_Colaba2750902da.jpg
589,/content/drive/My Drive/Colab Notebooks/Fin_Cap/FinCap_ImgScraping/Not_Guns_Colaba278de3368.jpg
590,/content/drive/My Drive/Colab Notebooks/Fin_Cap/FinCap_ImgScraping/Not_Guns_Colaba280bfa1b8.jpg
591,/content/drive/My Drive/Colab Notebooks/Fin_Cap/FinCap_ImgScraping/Not_Guns_Colaba28c00f341.jpg
592,/content/drive/My Drive/Colab Notebooks/Fin_Cap/FinCap_ImgScraping/Not_Guns_Colaba2f11bf544.jpg
593,/content/drive/My Drive/Colab Notebooks/Fin_Cap/FinCap_ImgScraping/Not_Guns_Colaba3154a2398.jpg
594,/content/drive/My Drive/Colab Notebooks/Fin_Cap/FinCap_ImgScraping/Not_Guns_Colaba347ece4e9.jpg
595,/content/drive/My Drive/Colab Notebooks/Fin_Cap/FinCap_ImgScraping/Not_Guns_Colaba3620bd45e.jpg
596,/content/drive/My Drive/Colab Notebooks/Fin_Cap/FinCap_ImgScraping/Not_Guns_Colaba3cd8c494a.jpg
597,/content/drive/My Drive/Colab Notebooks/Fin_Cap/FinCap_ImgScraping/Not_Guns_Colaba3df020750.jpg
598,/content/drive/My Drive/Colab Notebooks/Fin_Cap/FinCap_ImgScraping/Not_Guns_Colaba3f31f1813.jpg
599,/content/drive/My Drive/Colab Notebooks/Fin_Cap/FinCap_ImgScraping/Not_Guns_Colaba4005a87d7.jpg
600,/content/drive/My Drive/Colab Notebooks/Fin_Cap/FinCap_ImgScraping/Not_Guns_Colaba474b4b3cc.jpg
601,/content/drive/My Drive/Colab Notebooks/Fin_Cap/FinCap_ImgScraping/Not_Guns_Colaba52063a783.jpg
602,/content/drive/My Drive/Colab Notebooks/Fin_Cap/FinCap_ImgScraping/Not_Guns_Colaba529330047.jpg
603,/content/drive/My Drive/Colab Notebooks/Fin_Cap/FinCap_ImgScraping/Not_Guns_Colaba5359eacaa.jpg
604,/content/drive/My Drive/Colab Notebooks/Fin_Cap/FinCap_ImgScraping/Not_Guns_Colaba57ec1af2e.jpg
605,/content/drive/My Drive/Colab Notebooks/Fin_Cap/FinCap_ImgScraping/Not_Guns_Colaba5cb7e7687.jpg
606,/content/drive/My Drive/Colab Notebooks/Fin_Cap/FinCap_ImgScraping/Not_Guns_Colaba631c26b4d.jpg
607,/content/drive/My Drive/Colab Notebooks/Fin_Cap/FinCap_ImgScraping/Not_Guns_Colaba6e42b1033.jpg
608,/content/drive/My Drive/Colab Notebooks/Fin_Cap/FinCap_ImgScraping/Not_Guns_Colaba700f4a2da.jpg
609,/content/drive/My Drive/Colab Notebooks/Fin_Cap/FinCap_ImgScraping/Not_Guns_Colaba7023715c9.jpg
610,/content/drive/My Drive/Colab Notebooks/Fin_Cap/FinCap_ImgScraping/Not_Guns_Colaba72d27e8c6.jpg
611,/content/drive/My Drive/Colab Notebooks/Fin_Cap/FinCap_ImgScraping/Not_Guns_Colaba746e55146.jpg
612,/content/drive/My Drive/Colab Notebooks/Fin_Cap/FinCap_ImgScraping/Not_Guns_Colaba81339f8b6.jpg
613,/content/drive/My Drive/Colab Notebooks/Fin_Cap/FinCap_ImgScraping/Not_Guns_Colaba81a985d38.jpg
614,/content/drive/My Drive/Colab Notebooks/Fin_Cap/FinCap_ImgScraping/Not_Guns_Colaba836197a3b.jpg
615,/content/drive/My Drive/Colab Notebooks/Fin_Cap/FinCap_ImgScraping/Not_Guns_Colaba89935673f.jpg
616,/content/drive/My Drive/Colab Notebooks/Fin_Cap/FinCap_ImgScraping/Not_Guns_Colaba8f0261ae5.jpg
617,/content/drive/My Drive/Colab Notebooks/Fin_Cap/FinCap_ImgScraping/Not_Guns_Colaba910c2ea2b.jpg
618,/content/drive/My Drive/Colab Notebooks/Fin_Cap/FinCap_ImgScraping/Not_Guns_Colaba920a5f66c.jpg
619,/content/drive/My Drive/Colab Notebooks/Fin_Cap/FinCap_ImgScraping/Not_Guns_Colaba935a049eb.jpg
620,/content/drive/My Drive/Colab Notebooks/Fin_Cap/FinCap_ImgScraping/Not_Guns_Colaba93c3e60fa.jpg
621,/content/drive/My Drive/Colab Notebooks/Fin_Cap/FinCap_ImgScraping/Not_Guns_Colaba9571c35f9.jpg
622,/content/drive/My Drive/Colab Notebooks/Fin_Cap/FinCap_ImgScraping/Not_Guns_Colaba966baab3d.jpg
623,/content/drive/My Drive/Colab Notebooks/Fin_Cap/FinCap_ImgScraping/Not_Guns_Colaba96766591a.jpg
624,/content/drive/My Drive/Colab Notebooks/Fin_Cap/FinCap_ImgScraping/Not_Guns_Colaba9af5042d8.jpg
625,/content/drive/My Drive/Colab Notebooks/Fin_Cap/FinCap_ImgScraping/Not_Guns_Colabaa0905aa61.jpg
626,/content/drive/My Drive/Colab Notebooks/Fin_Cap/FinCap_ImgScraping/Not_Guns_Colabaa5588054a.jpg
627,/content/drive/My Drive/Colab Notebooks/Fin_Cap/FinCap_ImgScraping/Not_Guns_Colabaa7a903de2.jpg
628,/content/drive/My Drive/Colab Notebooks/Fin_Cap/FinCap_ImgScraping/Not_Guns_Colabaade2ad419.jpg
629,/content/drive/My Drive/Colab Notebooks/Fin_Cap/FinCap_ImgScraping/Not_Guns_Colabab3a2fa6ce.jpg
630,/content/drive/My Drive/Colab Notebooks/Fin_Cap/FinCap_ImgScraping/Not_Guns_Colabab7350bf5e.jpg
631,/content/drive/My Drive/Colab Notebooks/Fin_Cap/FinCap_ImgScraping/Not_Guns_Colabab94b06671.jpg
632,/content/drive/My Drive/Colab Notebooks/Fin_Cap/FinCap_ImgScraping/Not_Guns_Colabac181cfb9f.jpg
633,/content/drive/My Drive/Colab Notebooks/Fin_Cap/FinCap_ImgScraping/Not_Guns_Colabac4047370c.jpg
634,/content/drive/My Drive/Colab Notebooks/Fin_Cap/FinCap_ImgScraping/Not_Guns_Colabac4547dd4b.jpg
635,/content/drive/My Drive/Colab Notebooks/Fin_Cap/FinCap_ImgScraping/Not_Guns_Colabaca1284696.jpg
636,/content/drive/My Drive/Colab Notebooks/Fin_Cap/FinCap_ImgScraping/Not_Guns_Colabacd374e3de.jpg
637,/content/drive/My Drive/Colab Notebooks/Fin_Cap/FinCap_ImgScraping/Not_Guns_Colabad096f6e00.jpg
638,/content/drive/My Drive/Colab Notebooks/Fin_Cap/FinCap_ImgScraping/Not_Guns_Colabad1a9f40a8.jpg
639,/content/drive/My Drive/Colab Notebooks/Fin_Cap/FinCap_ImgScraping/Not_Guns_Colabad6dfe2ac0.jpg
640,/content/drive/My Drive/Colab Notebooks/Fin_Cap/FinCap_ImgScraping/Not_Guns_Colabadb243d53b.jpg
641,/content/drive/My Drive/Colab Notebooks/Fin_Cap/FinCap_ImgScraping/Not_Guns_Colabadcf1539b3.jpg
642,/content/drive/My Drive/Colab Notebooks/Fin_Cap/FinCap_ImgScraping/Not_Guns_Colabae2fcd7898.jpg
643,/content/drive/My Drive/Colab Notebooks/Fin_Cap/FinCap_ImgScraping/Not_Guns_Colabae99de9e2f.jpg
644,/content/drive/My Drive/Colab Notebooks/Fin_Cap/FinCap_ImgScraping/Not_Guns_Colabaf29d17a54.jpg
645,/content/drive/My Drive/Colab Notebooks/Fin_Cap/FinCap_ImgScraping/Not_Guns_Colabafa2ec5858.jpg
646,/content/drive/My Drive/Colab Notebooks/Fin_Cap/FinCap_ImgScraping/Not_Guns_Colabb037f741fd.jpg
647,/content/drive/My Drive/Colab Notebooks/Fin_Cap/FinCap_ImgScraping/Not_Guns_Colabb10023b8fa.jpg
648,/content/drive/My Drive/Colab Notebooks/Fin_Cap/FinCap_ImgScraping/Not_Guns_Colabb1149ed587.jpg
649,/content/drive/My Drive/Colab Notebooks/Fin_Cap/FinCap_ImgScraping/Not_Guns_Colabb15205939c.jpg
650,/content/drive/My Drive/Colab Notebooks/Fin_Cap/FinCap_ImgScraping/Not_Guns_Colabb1e24b63e0.jpg
651,/content/drive/My Drive/Colab Notebooks/Fin_Cap/FinCap_ImgScraping/Not_Guns_Colabb1f71b94f0.jpg
652,/content/drive/My Drive/Colab Notebooks/Fin_Cap/FinCap_ImgScraping/Not_Guns_Colabb208de5ea3.jpg
653,/content/drive/My Drive/Colab Notebooks/Fin_Cap/FinCap_ImgScraping/Not_Guns_Colabb20d2d2901.jpg
654,/content/drive/My Drive/Colab Notebooks/Fin_Cap/FinCap_ImgScraping/Not_Guns_Colabb2257d69f6.jpg
655,/content/drive/My Drive/Colab Notebooks/Fin_Cap/FinCap_ImgScraping/Not_Guns_Colabb24ba02fd3.jpg
656,/content/drive/My Drive/Colab Notebooks/Fin_Cap/FinCap_ImgScraping/Not_Guns_Colabb307f27bb4.jpg
657,/content/drive/My Drive/Colab Notebooks/Fin_Cap/FinCap_ImgScraping/Not_Guns_Colabb344319fdb.jpg
658,/content/drive/My Drive/Colab Notebooks/Fin_Cap/FinCap_ImgScraping/Not_Guns_Colabb3725352b1.jpg
659,/content/drive/My Drive/Colab Notebooks/Fin_Cap/FinCap_ImgScraping/Not_Guns_Colabb38302a2da.jpg
660,/content/drive/My Drive/Colab Notebooks/Fin_Cap/FinCap_ImgScraping/Not_Guns_Colabb385d949a4.jpg
661,/content/drive/My Drive/Colab Notebooks/Fin_Cap/FinCap_ImgScraping/Not_Guns_Colabb40eb0e134.jpg
662,/content/drive/My Drive/Colab Notebooks/Fin_Cap/FinCap_ImgScraping/Not_Guns_Colabb42938ea68.jpg
663,/content/drive/My Drive/Colab Notebooks/Fin_Cap/FinCap_ImgScraping/Not_Guns_Colabb44ce47b77.jpg
664,/content/drive/My Drive/Colab Notebooks/Fin_Cap/FinCap_ImgScraping/Not_Guns_Colabb524aea106.jpg
665,/content/drive/My Drive/Colab Notebooks/Fin_Cap/FinCap_ImgScraping/Not_Guns_Colabb5810e4c92.jpg
666,/content/drive/My Drive/Colab Notebooks/Fin_Cap/FinCap_ImgScraping/Not_Guns_Colabb5af416151.jpg
667,/content/drive/My Drive/Colab Notebooks/Fin_Cap/FinCap_ImgScraping/Not_Guns_Colabb626a33d9e.jpg
668,/content/drive/My Drive/Colab Notebooks/Fin_Cap/FinCap_ImgScraping/Not_Guns_Colabb637cba912.jpg
669,/content/drive/My Drive/Colab Notebooks/Fin_Cap/FinCap_ImgScraping/Not_Guns_Colabb63ee6f4f0.jpg
670,/content/drive/My Drive/Colab Notebooks/Fin_Cap/FinCap_ImgScraping/Not_Guns_Colabb6579c2c02.jpg
671,/content/drive/My Drive/Colab Notebooks/Fin_Cap/FinCap_ImgScraping/Not_Guns_Colabb66cc128ed.jpg
672,/content/drive/My Drive/Colab Notebooks/Fin_Cap/FinCap_ImgScraping/Not_Guns_Colabb6768c19ed.jpg
673,/content/drive/My Drive/Colab Notebooks/Fin_Cap/FinCap_ImgScraping/Not_Guns_Colabb6e59be8d5.jpg
674,/content/drive/My Drive/Colab Notebooks/Fin_Cap/FinCap_ImgScraping/Not_Guns_Colabb74f9e24a9.jpg
675,/content/drive/My Drive/Colab Notebooks/Fin_Cap/FinCap_ImgScraping/Not_Guns_Colabb755cca79a.jpg
676,/content/drive/My Drive/Colab Notebooks/Fin_Cap/FinCap_ImgScraping/Not_Guns_Colabb794054143.jpg
677,/content/drive/My Drive/Colab Notebooks/Fin_Cap/FinCap_ImgScraping/Not_Guns_Colabb7a40aff2f.jpg
678,/content/drive/My Drive/Colab Notebooks/Fin_Cap/FinCap_ImgScraping/Not_Guns_Colabb826c7971a.jpg
679,/content/drive/My Drive/Colab Notebooks/Fin_Cap/FinCap_ImgScraping/Not_Guns_Colabb85ecf2534.jpg
680,/content/drive/My Drive/Colab Notebooks/Fin_Cap/FinCap_ImgScraping/Not_Guns_Colabb867072eb8.jpg
681,/content/drive/My Drive/Colab Notebooks/Fin_Cap/FinCap_ImgScraping/Not_Guns_Colabb880f6064c.jpg
682,/content/drive/My Drive/Colab Notebooks/Fin_Cap/FinCap_ImgScraping/Not_Guns_Colabb8838c674e.jpg
683,/content/drive/My Drive/Colab Notebooks/Fin_Cap/FinCap_ImgScraping/Not_Guns_Colabb8f9288eb1.jpg
684,/content/drive/My Drive/Colab Notebooks/Fin_Cap/FinCap_ImgScraping/Not_Guns_Colabb8fcf19826.jpg
685,/content/drive/My Drive/Colab Notebooks/Fin_Cap/FinCap_ImgScraping/Not_Guns_Colabb91c4abf5d.jpg
686,/content/drive/My Drive/Colab Notebooks/Fin_Cap/FinCap_ImgScraping/Not_Guns_Colabb967e966c6.jpg
687,/content/drive/My Drive/Colab Notebooks/Fin_Cap/FinCap_ImgScraping/Not_Guns_Colabb99853c427.jpg
688,/content/drive/My Drive/Colab Notebooks/Fin_Cap/FinCap_ImgScraping/Not_Guns_Colabb9d9883cbe.jpg
689,/content/drive/My Drive/Colab Notebooks/Fin_Cap/FinCap_ImgScraping/Not_Guns_Colabba3eb3812c.jpg
690,/content/drive/My Drive/Colab Notebooks/Fin_Cap/FinCap_ImgScraping/Not_Guns_Colabba40936ecc.jpg
691,/content/drive/My Drive/Colab Notebooks/Fin_Cap/FinCap_ImgScraping/Not_Guns_Colabbac350b6e7.jpg
692,/content/drive/My Drive/Colab Notebooks/Fin_Cap/FinCap_ImgScraping/Not_Guns_Colabbacf866a53.jpg
693,/content/drive/My Drive/Colab Notebooks/Fin_Cap/FinCap_ImgScraping/Not_Guns_Colabbbf655e957.jpg
694,/content/drive/My Drive/Colab Notebooks/Fin_Cap/FinCap_ImgScraping/Not_Guns_Colabbc0696cb90.jpg
695,/content/drive/My Drive/Colab Notebooks/Fin_Cap/FinCap_ImgScraping/Not_Guns_Colabbc37a1e9a7.jpg
696,/content/drive/My Drive/Colab Notebooks/Fin_Cap/FinCap_ImgScraping/Not_Guns_Colabbc5ba764ed.jpg
697,/content/drive/My Drive/Colab Notebooks/Fin_Cap/FinCap_ImgScraping/Not_Guns_Colabbcafe0f612.jpg
698,/content/drive/My Drive/Colab Notebooks/Fin_Cap/FinCap_ImgScraping/Not_Guns_Colabbd5c254a9c.jpg
699,/content/drive/My Drive/Colab Notebooks/Fin_Cap/FinCap_ImgScraping/Not_Guns_Colabbeb4d6a526.jpg
700,/content/drive/My Drive/Colab Notebooks/Fin_Cap/FinCap_ImgScraping/Not_Guns_Colabbf1a52b737.jpg
701,/content/drive/My Drive/Colab Notebooks/Fin_Cap/FinCap_ImgScraping/Not_Guns_Colabbf6a1dc5fc.jpg
702,/content/drive/My Drive/Colab Notebooks/Fin_Cap/FinCap_ImgScraping/Not_Guns_Colabbfa3e69f64.jpg
703,/content/drive/My Drive/Colab Notebooks/Fin_Cap/FinCap_ImgScraping/Not_Guns_Colabbfcbf668f2.jpg
704,/content/drive/My Drive/Colab Notebooks/Fin_Cap/FinCap_ImgScraping/Not_Guns_Colabbfd6960ec7.jpg
705,/content/drive/My Drive/Colab Notebooks/Fin_Cap/FinCap_ImgScraping/Not_Guns_Colabbfd966c8f2.jpg
706,/content/drive/My Drive/Colab Notebooks/Fin_Cap/FinCap_ImgScraping/Not_Guns_Colabbffbf28180.jpg
707,/content/drive/My Drive/Colab Notebooks/Fin_Cap/FinCap_ImgScraping/Not_Guns_Colabc00516d924.jpg
708,/content/drive/My Drive/Colab Notebooks/Fin_Cap/FinCap_ImgScraping/Not_Guns_Colabc0662b3c40.jpg
709,/content/drive/My Drive/Colab Notebooks/Fin_Cap/FinCap_ImgScraping/Not_Guns_Colabc07965f09b.jpg
710,/content/drive/My Drive/Colab Notebooks/Fin_Cap/FinCap_ImgScraping/Not_Guns_Colabc0b8c133a7.jpg
711,/content/drive/My Drive/Colab Notebooks/Fin_Cap/FinCap_ImgScraping/Not_Guns_Colabc0cb2c54d9.jpg
712,/content/drive/My Drive/Colab Notebooks/Fin_Cap/FinCap_ImgScraping/Not_Guns_Colabc0d58fc1bd.jpg
713,/content/drive/My Drive/Colab Notebooks/Fin_Cap/FinCap_ImgScraping/Not_Guns_Colabc11d56600b.jpg
714,/content/drive/My Drive/Colab Notebooks/Fin_Cap/FinCap_ImgScraping/Not_Guns_Colabc1698f10e1.jpg
715,/content/drive/My Drive/Colab Notebooks/Fin_Cap/FinCap_ImgScraping/Not_Guns_Colabc182522b5e.jpg
716,/content/drive/My Drive/Colab Notebooks/Fin_Cap/FinCap_ImgScraping/Not_Guns_Colabc29d5fe1a5.jpg
717,/content/drive/My Drive/Colab Notebooks/Fin_Cap/FinCap_ImgScraping/Not_Guns_Colabc2ed529ba8.jpg
718,/content/drive/My Drive/Colab Notebooks/Fin_Cap/FinCap_ImgScraping/Not_Guns_Colabc2f74dbb46.jpg
719,/content/drive/My Drive/Colab Notebooks/Fin_Cap/FinCap_ImgScraping/Not_Guns_Colabc31c9f1787.jpg
720,/content/drive/My Drive/Colab Notebooks/Fin_Cap/FinCap_ImgScraping/Not_Guns_Colabc32f493dfe.jpg
721,/content/drive/My Drive/Colab Notebooks/Fin_Cap/FinCap_ImgScraping/Not_Guns_Colabc377d56852.jpg
722,/content/drive/My Drive/Colab Notebooks/Fin_Cap/FinCap_ImgScraping/Not_Guns_Colabc3f5f56011.jpg
723,/content/drive/My Drive/Colab Notebooks/Fin_Cap/FinCap_ImgScraping/Not_Guns_Colabc46d51e48f.jpg
724,/content/drive/My Drive/Colab Notebooks/Fin_Cap/FinCap_ImgScraping/Not_Guns_Colabc4c6fa4122.jpg
725,/content/drive/My Drive/Colab Notebooks/Fin_Cap/FinCap_ImgScraping/Not_Guns_Colabc4e072c4ec.jpg
726,/content/drive/My Drive/Colab Notebooks/Fin_Cap/FinCap_ImgScraping/Not_Guns_Colabc526f56098.jpg
727,/content/drive/My Drive/Colab Notebooks/Fin_Cap/FinCap_ImgScraping/Not_Guns_Colabc5cfe5ea97.jpg
728,/content/drive/My Drive/Colab Notebooks/Fin_Cap/FinCap_ImgScraping/Not_Guns_Colabc5d501a9b6.jpg
729,/content/drive/My Drive/Colab Notebooks/Fin_Cap/FinCap_ImgScraping/Not_Guns_Colabc5f0bafff7.jpg
730,/content/drive/My Drive/Colab Notebooks/Fin_Cap/FinCap_ImgScraping/Not_Guns_Colabc623510834.jpg
731,/content/drive/My Drive/Colab Notebooks/Fin_Cap/FinCap_ImgScraping/Not_Guns_Colabc66056312c.jpg
732,/content/drive/My Drive/Colab Notebooks/Fin_Cap/FinCap_ImgScraping/Not_Guns_Colabc66db6a056.jpg
733,/content/drive/My Drive/Colab Notebooks/Fin_Cap/FinCap_ImgScraping/Not_Guns_Colabc682157733.jpg
734,/content/drive/My Drive/Colab Notebooks/Fin_Cap/FinCap_ImgScraping/Not_Guns_Colabc68886a9a8.jpg
735,/content/drive/My Drive/Colab Notebooks/Fin_Cap/FinCap_ImgScraping/Not_Guns_Colabc6f40b4a74.jpg
736,/content/drive/My Drive/Colab Notebooks/Fin_Cap/FinCap_ImgScraping/Not_Guns_Colabc7049d504d.jpg
737,/content/drive/My Drive/Colab Notebooks/Fin_Cap/FinCap_ImgScraping/Not_Guns_Colabc706a38e2a.jpg
738,/content/drive/My Drive/Colab Notebooks/Fin_Cap/FinCap_ImgScraping/Not_Guns_Colabc7084cb398.jpg
739,/content/drive/My Drive/Colab Notebooks/Fin_Cap/FinCap_ImgScraping/Not_Guns_Colabc71cf09a65.jpg
740,/content/drive/My Drive/Colab Notebooks/Fin_Cap/FinCap_ImgScraping/Not_Guns_Colabc72f78f206.jpg
741,/content/drive/My Drive/Colab Notebooks/Fin_Cap/FinCap_ImgScraping/Not_Guns_Colabc745b02ed8.jpg
742,/content/drive/My Drive/Colab Notebooks/Fin_Cap/FinCap_ImgScraping/Not_Guns_Colabc7772e4de5.jpg
743,/content/drive/My Drive/Colab Notebooks/Fin_Cap/FinCap_ImgScraping/Not_Guns_Colabc7a722ce4c.jpg
744,/content/drive/My Drive/Colab Notebooks/Fin_Cap/FinCap_ImgScraping/Not_Guns_Colabc7b9b68dab.jpg
745,/content/drive/My Drive/Colab Notebooks/Fin_Cap/FinCap_ImgScraping/Not_Guns_Colabc81929c9e5.jpg
746,/content/drive/My Drive/Colab Notebooks/Fin_Cap/FinCap_ImgScraping/Not_Guns_Colabc87b76c168.jpg
747,/content/drive/My Drive/Colab Notebooks/Fin_Cap/FinCap_ImgScraping/Not_Guns_Colabc886b8fe62.jpg
748,/content/drive/My Drive/Colab Notebooks/Fin_Cap/FinCap_ImgScraping/Not_Guns_Colabc8a051f4ce.jpg
749,/content/drive/My Drive/Colab Notebooks/Fin_Cap/FinCap_ImgScraping/Not_Guns_Colabc8aab00082.jpg
750,/content/drive/My Drive/Colab Notebooks/Fin_Cap/FinCap_ImgScraping/Not_Guns_Colabca4ba9ddb0.jpg
751,/content/drive/My Drive/Colab Notebooks/Fin_Cap/FinCap_ImgScraping/Not_Guns_Colabca5e9230bc.jpg
752,/content/drive/My Drive/Colab Notebooks/Fin_Cap/FinCap_ImgScraping/Not_Guns_Colabcab1ec28bb.jpg
753,/content/drive/My Drive/Colab Notebooks/Fin_Cap/FinCap_ImgScraping/Not_Guns_Colabcad15d4bcf.jpg
754,/content/drive/My Drive/Colab Notebooks/Fin_Cap/FinCap_ImgScraping/Not_Guns_Colabcaefde4d79.jpg
755,/content/drive/My Drive/Colab Notebooks/Fin_Cap/FinCap_ImgScraping/Not_Guns_Colabcb5e20c5d3.jpg
756,/content/drive/My Drive/Colab Notebooks/Fin_Cap/FinCap_ImgScraping/Not_Guns_Colabcb7effa0ff.jpg
757,/content/drive/My Drive/Colab Notebooks/Fin_Cap/FinCap_ImgScraping/Not_Guns_Colabcb95b2ec20.jpg
758,/content/drive/My Drive/Colab Notebooks/Fin_Cap/FinCap_ImgScraping/Not_Guns_Colabcbe63239fe.jpg
759,/content/drive/My Drive/Colab Notebooks/Fin_Cap/FinCap_ImgScraping/Not_Guns_Colabcbeb277df1.jpg
760,/content/drive/My Drive/Colab Notebooks/Fin_Cap/FinCap_ImgScraping/Not_Guns_Colabcbf0c16ab8.jpg
761,/content/drive/My Drive/Colab Notebooks/Fin_Cap/FinCap_ImgScraping/Not_Guns_Colabcc16a6d829.jpg
762,/content/drive/My Drive/Colab Notebooks/Fin_Cap/FinCap_ImgScraping/Not_Guns_Colabcc3218b031.jpg
763,/content/drive/My Drive/Colab Notebooks/Fin_Cap/FinCap_ImgScraping/Not_Guns_Colabcc6ec4d35b.jpg
764,/content/drive/My Drive/Colab Notebooks/Fin_Cap/FinCap_ImgScraping/Not_Guns_Colabcc7d6249aa.jpg
765,/content/drive/My Drive/Colab Notebooks/Fin_Cap/FinCap_ImgScraping/Not_Guns_Colabccc3d40f91.jpg
766,/content/drive/My Drive/Colab Notebooks/Fin_Cap/FinCap_ImgScraping/Not_Guns_Colabccdaf1c918.jpg
767,/content/drive/My Drive/Colab Notebooks/Fin_Cap/FinCap_ImgScraping/Not_Guns_Colabccdf7d1f2a.jpg
768,/content/drive/My Drive/Colab Notebooks/Fin_Cap/FinCap_ImgScraping/Not_Guns_Colabcd545feacc.jpg
769,/content/drive/My Drive/Colab Notebooks/Fin_Cap/FinCap_ImgScraping/Not_Guns_Colabcd90a04a90.jpg
770,/content/drive/My Drive/Colab Notebooks/Fin_Cap/FinCap_ImgScraping/Not_Guns_Colabcd93894e9f.jpg
771,/content/drive/My Drive/Colab Notebooks/Fin_Cap/FinCap_ImgScraping/Not_Guns_Colabce16bf570c.jpg
772,/content/drive/My Drive/Colab Notebooks/Fin_Cap/FinCap_ImgScraping/Not_Guns_Colabce4c93238b.jpg
773,/content/drive/My Drive/Colab Notebooks/Fin_Cap/FinCap_ImgScraping/Not_Guns_Colabce75092324.jpg
774,/content/drive/My Drive/Colab Notebooks/Fin_Cap/FinCap_ImgScraping/Not_Guns_Colabcec1ed6afd.jpg
775,/content/drive/My Drive/Colab Notebooks/Fin_Cap/FinCap_ImgScraping/Not_Guns_Colabcf84d1cd8a.jpg
776,/content/drive/My Drive/Colab Notebooks/Fin_Cap/FinCap_ImgScraping/Not_Guns_Colabd00601ebdd.jpg
777,/content/drive/My Drive/Colab Notebooks/Fin_Cap/FinCap_ImgScraping/Not_Guns_Colabd03c4228cd.jpg
778,/content/drive/My Drive/Colab Notebooks/Fin_Cap/FinCap_ImgScraping/Not_Guns_Colabd05ac176dc.jpg
779,/content/drive/My Drive/Colab Notebooks/Fin_Cap/FinCap_ImgScraping/Not_Guns_Colabd07c97320a.jpg
780,/content/drive/My Drive/Colab Notebooks/Fin_Cap/FinCap_ImgScraping/Not_Guns_Colabd08fba6564.jpg
781,/content/drive/My Drive/Colab Notebooks/Fin_Cap/FinCap_ImgScraping/Not_Guns_Colabd1045c960f.jpg
782,/content/drive/My Drive/Colab Notebooks/Fin_Cap/FinCap_ImgScraping/Not_Guns_Colabd128acf96e.jpg
783,/content/drive/My Drive/Colab Notebooks/Fin_Cap/FinCap_ImgScraping/Not_Guns_Colabd149fbf0fa.jpg
784,/content/drive/My Drive/Colab Notebooks/Fin_Cap/FinCap_ImgScraping/Not_Guns_Colabd19d6f957a.jpg
785,/content/drive/My Drive/Colab Notebooks/Fin_Cap/FinCap_ImgScraping/Not_Guns_Colabd1f6503bfc.jpg
786,/content/drive/My Drive/Colab Notebooks/Fin_Cap/FinCap_ImgScraping/Not_Guns_Colabd2029d6924.jpg
787,/content/drive/My Drive/Colab Notebooks/Fin_Cap/FinCap_ImgScraping/Not_Guns_Colabd227f6f1ea.jpg
788,/content/drive/My Drive/Colab Notebooks/Fin_Cap/FinCap_ImgScraping/Not_Guns_Colabd242977b22.jpg
789,/content/drive/My Drive/Colab Notebooks/Fin_Cap/FinCap_ImgScraping/Not_Guns_Colabd2dc3e16e6.jpg
790,/content/drive/My Drive/Colab Notebooks/Fin_Cap/FinCap_ImgScraping/Not_Guns_Colabd2e19bb82c.jpg
791,/content/drive/My Drive/Colab Notebooks/Fin_Cap/FinCap_ImgScraping/Not_Guns_Colabd30580720e.jpg
792,/content/drive/My Drive/Colab Notebooks/Fin_Cap/FinCap_ImgScraping/Not_Guns_Colabd32c271d7d.jpg
793,/content/drive/My Drive/Colab Notebooks/Fin_Cap/FinCap_ImgScraping/Not_Guns_Colabd35e230bb0.jpg
794,/content/drive/My Drive/Colab Notebooks/Fin_Cap/FinCap_ImgScraping/Not_Guns_Colabd3f1272f65.jpg
795,/content/drive/My Drive/Colab Notebooks/Fin_Cap/FinCap_ImgScraping/Not_Guns_Colabd43f1cd6e6.jpg
796,/content/drive/My Drive/Colab Notebooks/Fin_Cap/FinCap_ImgScraping/Not_Guns_Colabd4470852b7.jpg
797,/content/drive/My Drive/Colab Notebooks/Fin_Cap/FinCap_ImgScraping/Not_Guns_Colabd477a7b151.jpg
798,/content/drive/My Drive/Colab Notebooks/Fin_Cap/FinCap_ImgScraping/Not_Guns_Colabd478ffeb6b.jpg
799,/content/drive/My Drive/Colab Notebooks/Fin_Cap/FinCap_ImgScraping/Not_Guns_Colabd4b4d9d654.jpg
800,/content/drive/My Drive/Colab Notebooks/Fin_Cap/FinCap_ImgScraping/Not_Guns_Colabd4cb5dc82e.jpg
801,/content/drive/My Drive/Colab Notebooks/Fin_Cap/FinCap_ImgScraping/Not_Guns_Colabd559ede4c1.jpg
802,/content/drive/My Drive/Colab Notebooks/Fin_Cap/FinCap_ImgScraping/Not_Guns_Colabd59fb859f7.jpg
803,/content/drive/My Drive/Colab Notebooks/Fin_Cap/FinCap_ImgScraping/Not_Guns_Colabd63fc430f9.jpg
804,/content/drive/My Drive/Colab Notebooks/Fin_Cap/FinCap_ImgScraping/Not_Guns_Colabd64e0e4888.jpg
805,/content/drive/My Drive/Colab Notebooks/Fin_Cap/FinCap_ImgScraping/Not_Guns_Colabd65f338d15.jpg
806,/content/drive/My Drive/Colab Notebooks/Fin_Cap/FinCap_ImgScraping/Not_Guns_Colabd6748e04ad.jpg
807,/content/drive/My Drive/Colab Notebooks/Fin_Cap/FinCap_ImgScraping/Not_Guns_Colabd6e49e9cc1.jpg
808,/content/drive/My Drive/Colab Notebooks/Fin_Cap/FinCap_ImgScraping/Not_Guns_Colabd73d4a3593.jpg
809,/content/drive/My Drive/Colab Notebooks/Fin_Cap/FinCap_ImgScraping/Not_Guns_Colabd74eb8145d.jpg
810,/content/drive/My Drive/Colab Notebooks/Fin_Cap/FinCap_ImgScraping/Not_Guns_Colabd80b9f1bce.jpg
811,/content/drive/My Drive/Colab Notebooks/Fin_Cap/FinCap_ImgScraping/Not_Guns_Colabd8233e6ffd.jpg
812,/content/drive/My Drive/Colab Notebooks/Fin_Cap/FinCap_ImgScraping/Not_Guns_Colabd885d5a7e0.jpg
813,/content/drive/My Drive/Colab Notebooks/Fin_Cap/FinCap_ImgScraping/Not_Guns_Colabd89509653f.jpg
814,/content/drive/My Drive/Colab Notebooks/Fin_Cap/FinCap_ImgScraping/Not_Guns_Colabd8a4da67bf.jpg
815,/content/drive/My Drive/Colab Notebooks/Fin_Cap/FinCap_ImgScraping/Not_Guns_Colabd8c0b30187.jpg
816,/content/drive/My Drive/Colab Notebooks/Fin_Cap/FinCap_ImgScraping/Not_Guns_Colabd8c6947c33.jpg
817,/content/drive/My Drive/Colab Notebooks/Fin_Cap/FinCap_ImgScraping/Not_Guns_Colabd8d2ed817c.jpg
818,/content/drive/My Drive/Colab Notebooks/Fin_Cap/FinCap_ImgScraping/Not_Guns_Colabd8eced2d76.jpg
819,/content/drive/My Drive/Colab Notebooks/Fin_Cap/FinCap_ImgScraping/Not_Guns_Colabd96e8295a4.jpg
820,/content/drive/My Drive/Colab Notebooks/Fin_Cap/FinCap_ImgScraping/Not_Guns_Colabd9810679d8.jpg
821,/content/drive/My Drive/Colab Notebooks/Fin_Cap/FinCap_ImgScraping/Not_Guns_Colabd9b574ad07.jpg
822,/content/drive/My Drive/Colab Notebooks/Fin_Cap/FinCap_ImgScraping/Not_Guns_Colabd9d2e16bc6.jpg
823,/content/drive/My Drive/Colab Notebooks/Fin_Cap/FinCap_ImgScraping/Not_Guns_Colabda3cb94834.jpg
824,/content/drive/My Drive/Colab Notebooks/Fin_Cap/FinCap_ImgScraping/Not_Guns_Colabda7a4e8670.jpg
825,/content/drive/My Drive/Colab Notebooks/Fin_Cap/FinCap_ImgScraping/Not_Guns_Colabdabe67c500.jpg
826,/content/drive/My Drive/Colab Notebooks/Fin_Cap/FinCap_ImgScraping/Not_Guns_Colabdac1df9fec.jpg
827,/content/drive/My Drive/Colab Notebooks/Fin_Cap/FinCap_ImgScraping/Not_Guns_Colabdaebe2da68.jpg
828,/content/drive/My Drive/Colab Notebooks/Fin_Cap/FinCap_ImgScraping/Not_Guns_Colabdb8f25163a.jpg
829,/content/drive/My Drive/Colab Notebooks/Fin_Cap/FinCap_ImgScraping/Not_Guns_Colabdbca728c03.jpg
830,/content/drive/My Drive/Colab Notebooks/Fin_Cap/FinCap_ImgScraping/Not_Guns_Colabdbe8a9291e.jpg
831,/content/drive/My Drive/Colab Notebooks/Fin_Cap/FinCap_ImgScraping/Not_Guns_Colabdbf10f95aa.jpg
832,/content/drive/My Drive/Colab Notebooks/Fin_Cap/FinCap_ImgScraping/Not_Guns_Colabdc042082c5.jpg
833,/content/drive/My Drive/Colab Notebooks/Fin_Cap/FinCap_ImgScraping/Not_Guns_Colabdc37449cff.jpg
834,/content/drive/My Drive/Colab Notebooks/Fin_Cap/FinCap_ImgScraping/Not_Guns_Colabdc78287dea.jpg
835,/content/drive/My Drive/Colab Notebooks/Fin_Cap/FinCap_ImgScraping/Not_Guns_Colabdc9f7b321a.jpg
836,/content/drive/My Drive/Colab Notebooks/Fin_Cap/FinCap_ImgScraping/Not_Guns_Colabdccd5be21e.jpg
837,/content/drive/My Drive/Colab Notebooks/Fin_Cap/FinCap_ImgScraping/Not_Guns_Colabde39689f6c.jpg
838,/content/drive/My Drive/Colab Notebooks/Fin_Cap/FinCap_ImgScraping/Not_Guns_Colabdebf5dea86.jpg
839,/content/drive/My Drive/Colab Notebooks/Fin_Cap/FinCap_ImgScraping/Not_Guns_Colabdf07b119a1.jpg
840,/content/drive/My Drive/Colab Notebooks/Fin_Cap/FinCap_ImgScraping/Not_Guns_Colabdf5f8aa1e8.jpg
841,/content/drive/My Drive/Colab Notebooks/Fin_Cap/FinCap_ImgScraping/Not_Guns_Colabe02633d157.jpg
842,/content/drive/My Drive/Colab Notebooks/Fin_Cap/FinCap_ImgScraping/Not_Guns_Colabe0792f1ffb.jpg
843,/content/drive/My Drive/Colab Notebooks/Fin_Cap/FinCap_ImgScraping/Not_Guns_Colabe11ff57c70.jpg
844,/content/drive/My Drive/Colab Notebooks/Fin_Cap/FinCap_ImgScraping/Not_Guns_Colabe1baeb0b9c.jpg
845,/content/drive/My Drive/Colab Notebooks/Fin_Cap/FinCap_ImgScraping/Not_Guns_Colabe249aecd0b.jpg
846,/content/drive/My Drive/Colab Notebooks/Fin_Cap/FinCap_ImgScraping/Not_Guns_Colabe281f14230.jpg
847,/content/drive/My Drive/Colab Notebooks/Fin_Cap/FinCap_ImgScraping/Not_Guns_Colabe281f9609e.jpg
848,/content/drive/My Drive/Colab Notebooks/Fin_Cap/FinCap_ImgScraping/Not_Guns_Colabe2c01ee6c1.jpg
849,/content/drive/My Drive/Colab Notebooks/Fin_Cap/FinCap_ImgScraping/Not_Guns_Colabe2d43d4601.jpg
850,/content/drive/My Drive/Colab Notebooks/Fin_Cap/FinCap_ImgScraping/Not_Guns_Colabe367c7f1af.jpg
851,/content/drive/My Drive/Colab Notebooks/Fin_Cap/FinCap_ImgScraping/Not_Guns_Colabe3a55ea136.jpg
852,/content/drive/My Drive/Colab Notebooks/Fin_Cap/FinCap_ImgScraping/Not_Guns_Colabe3e9920a31.jpg
853,/content/drive/My Drive/Colab Notebooks/Fin_Cap/FinCap_ImgScraping/Not_Guns_Colabe3f7589329.jpg
854,/content/drive/My Drive/Colab Notebooks/Fin_Cap/FinCap_ImgScraping/Not_Guns_Colabe40ff0a9e3.jpg
855,/content/drive/My Drive/Colab Notebooks/Fin_Cap/FinCap_ImgScraping/Not_Guns_Colabe49179bae9.jpg
856,/content/drive/My Drive/Colab Notebooks/Fin_Cap/FinCap_ImgScraping/Not_Guns_Colabe4b59be1eb.jpg
857,/content/drive/My Drive/Colab Notebooks/Fin_Cap/FinCap_ImgScraping/Not_Guns_Colabe50e25b241.jpg
858,/content/drive/My Drive/Colab Notebooks/Fin_Cap/FinCap_ImgScraping/Not_Guns_Colabe55d6e5d70.jpg
859,/content/drive/My Drive/Colab Notebooks/Fin_Cap/FinCap_ImgScraping/Not_Guns_Colabe5afbedb56.jpg
860,/content/drive/My Drive/Colab Notebooks/Fin_Cap/FinCap_ImgScraping/Not_Guns_Colabe5bbfd60d1.jpg
861,/content/drive/My Drive/Colab Notebooks/Fin_Cap/FinCap_ImgScraping/Not_Guns_Colabe5e6b96a18.jpg
862,/content/drive/My Drive/Colab Notebooks/Fin_Cap/FinCap_ImgScraping/Not_Guns_Colabe62c8f91a4.jpg
863,/content/drive/My Drive/Colab Notebooks/Fin_Cap/FinCap_ImgScraping/Not_Guns_Colabe66e0a7f12.jpg
864,/content/drive/My Drive/Colab Notebooks/Fin_Cap/FinCap_ImgScraping/Not_Guns_Colabe6d5616b39.jpg
865,/content/drive/My Drive/Colab Notebooks/Fin_Cap/FinCap_ImgScraping/Not_Guns_Colabe739a57a82.jpg
866,/content/drive/My Drive/Colab Notebooks/Fin_Cap/FinCap_ImgScraping/Not_Guns_Colabe7b0d22ad9.jpg
867,/content/drive/My Drive/Colab Notebooks/Fin_Cap/FinCap_ImgScraping/Not_Guns_Colabe81d3d75ed.jpg
868,/content/drive/My Drive/Colab Notebooks/Fin_Cap/FinCap_ImgScraping/Not_Guns_Colabe82104f159.jpg
869,/content/drive/My Drive/Colab Notebooks/Fin_Cap/FinCap_ImgScraping/Not_Guns_Colabe878a05d0b.jpg
870,/content/drive/My Drive/Colab Notebooks/Fin_Cap/FinCap_ImgScraping/Not_Guns_Colabe8a6a65e0c.jpg
871,/content/drive/My Drive/Colab Notebooks/Fin_Cap/FinCap_ImgScraping/Not_Guns_Colabe8abd9f56c.jpg
872,/content/drive/My Drive/Colab Notebooks/Fin_Cap/FinCap_ImgScraping/Not_Guns_Colabe9d77b650d.jpg
873,/content/drive/My Drive/Colab Notebooks/Fin_Cap/FinCap_ImgScraping/Not_Guns_Colabea13114ade.jpg
874,/content/drive/My Drive/Colab Notebooks/Fin_Cap/FinCap_ImgScraping/Not_Guns_Colabeac351cec2.jpg
875,/content/drive/My Drive/Colab Notebooks/Fin_Cap/FinCap_ImgScraping/Not_Guns_Colabeafd196151.jpg
876,/content/drive/My Drive/Colab Notebooks/Fin_Cap/FinCap_ImgScraping/Not_Guns_Colabeb16e6af00.jpg
877,/content/drive/My Drive/Colab Notebooks/Fin_Cap/FinCap_ImgScraping/Not_Guns_Colabeb379eb355.jpg
878,/content/drive/My Drive/Colab Notebooks/Fin_Cap/FinCap_ImgScraping/Not_Guns_Colabec02887c4f.jpg
879,/content/drive/My Drive/Colab Notebooks/Fin_Cap/FinCap_ImgScraping/Not_Guns_Colabec1fa445d0.jpg
880,/content/drive/My Drive/Colab Notebooks/Fin_Cap/FinCap_ImgScraping/Not_Guns_Colabec31a49b53.jpg
881,/content/drive/My Drive/Colab Notebooks/Fin_Cap/FinCap_ImgScraping/Not_Guns_Colabec75a1b209.jpg
882,/content/drive/My Drive/Colab Notebooks/Fin_Cap/FinCap_ImgScraping/Not_Guns_Colabec879e4b44.jpg
883,/content/drive/My Drive/Colab Notebooks/Fin_Cap/FinCap_ImgScraping/Not_Guns_Colabecc453fa08.jpg
884,/content/drive/My Drive/Colab Notebooks/Fin_Cap/FinCap_ImgScraping/Not_Guns_Colabecf45a1808.jpg
885,/content/drive/My Drive/Colab Notebooks/Fin_Cap/FinCap_ImgScraping/Not_Guns_Colabed86fe1d6d.jpg
886,/content/drive/My Drive/Colab Notebooks/Fin_Cap/FinCap_ImgScraping/Not_Guns_Colabedb147843d.jpg
887,/content/drive/My Drive/Colab Notebooks/Fin_Cap/FinCap_ImgScraping/Not_Guns_Colabedb2994ac6.jpg
888,/content/drive/My Drive/Colab Notebooks/Fin_Cap/FinCap_ImgScraping/Not_Guns_Colabeddaabd3ef.jpg
889,/content/drive/My Drive/Colab Notebooks/Fin_Cap/FinCap_ImgScraping/Not_Guns_Colabedf4ef8098.jpg
890,/content/drive/My Drive/Colab Notebooks/Fin_Cap/FinCap_ImgScraping/Not_Guns_Colabee153aa0f7.jpg
891,/content/drive/My Drive/Colab Notebooks/Fin_Cap/FinCap_ImgScraping/Not_Guns_Colabee1938e2bb.jpg
892,/content/drive/My Drive/Colab Notebooks/Fin_Cap/FinCap_ImgScraping/Not_Guns_Colabee25a488b6.jpg
893,/content/drive/My Drive/Colab Notebooks/Fin_Cap/FinCap_ImgScraping/Not_Guns_Colabee7d61598f.jpg
894,/content/drive/My Drive/Colab Notebooks/Fin_Cap/FinCap_ImgScraping/Not_Guns_Colabeea5ec167f.jpg
895,/content/drive/My Drive/Colab Notebooks/Fin_Cap/FinCap_ImgScraping/Not_Guns_Colabeec6eb3ef7.jpg
896,/content/drive/My Drive/Colab Notebooks/Fin_Cap/FinCap_ImgScraping/Not_Guns_Colabeed01b4c8a.jpg
897,/content/drive/My Drive/Colab Notebooks/Fin_Cap/FinCap_ImgScraping/Not_Guns_Colabeed1e448a0.jpg
898,/content/drive/My Drive/Colab Notebooks/Fin_Cap/FinCap_ImgScraping/Not_Guns_Colabef25c25d99.jpg
899,/content/drive/My Drive/Colab Notebooks/Fin_Cap/FinCap_ImgScraping/Not_Guns_Colabef35b7577e.jpg
900,/content/drive/My Drive/Colab Notebooks/Fin_Cap/FinCap_ImgScraping/Not_Guns_Colabef65d179dc.jpg
901,/content/drive/My Drive/Colab Notebooks/Fin_Cap/FinCap_ImgScraping/Not_Guns_Colabef9230c821.jpg
902,/content/drive/My Drive/Colab Notebooks/Fin_Cap/FinCap_ImgScraping/Not_Guns_Colabef9d01c8dc.jpg
903,/content/drive/My Drive/Colab Notebooks/Fin_Cap/FinCap_ImgScraping/Not_Guns_Colabefa4bc1f41.jpg
904,/content/drive/My Drive/Colab Notebooks/Fin_Cap/FinCap_ImgScraping/Not_Guns_Colabefc742812c.jpg
905,/content/drive/My Drive/Colab Notebooks/Fin_Cap/FinCap_ImgScraping/Not_Guns_Colabf02cfe1e6c.jpg
906,/content/drive/My Drive/Colab Notebooks/Fin_Cap/FinCap_ImgScraping/Not_Guns_Colabf038c67055.jpg
907,/content/drive/My Drive/Colab Notebooks/Fin_Cap/FinCap_ImgScraping/Not_Guns_Colabf060c79c6c.jpg
908,/content/drive/My Drive/Colab Notebooks/Fin_Cap/FinCap_ImgScraping/Not_Guns_Colabf07962d55a.jpg
909,/content/drive/My Drive/Colab Notebooks/Fin_Cap/FinCap_ImgScraping/Not_Guns_Colabf092e3bd9a.jpg
910,/content/drive/My Drive/Colab Notebooks/Fin_Cap/FinCap_ImgScraping/Not_Guns_Colabf0f27136af.jpg
911,/content/drive/My Drive/Colab Notebooks/Fin_Cap/FinCap_ImgScraping/Not_Guns_Colabf197190ec4.jpg
912,/content/drive/My Drive/Colab Notebooks/Fin_Cap/FinCap_ImgScraping/Not_Guns_Colabf1a0d4fdd5.jpg
913,/content/drive/My Drive/Colab Notebooks/Fin_Cap/FinCap_ImgScraping/Not_Guns_Colabf288fbe857.jpg
914,/content/drive/My Drive/Colab Notebooks/Fin_Cap/FinCap_ImgScraping/Not_Guns_Colabf29a100412.jpg
915,/content/drive/My Drive/Colab Notebooks/Fin_Cap/FinCap_ImgScraping/Not_Guns_Colabf31087f11a.jpg
916,/content/drive/My Drive/Colab Notebooks/Fin_Cap/FinCap_ImgScraping/Not_Guns_Colabf3f84e32d4.jpg
917,/content/drive/My Drive/Colab Notebooks/Fin_Cap/FinCap_ImgScraping/Not_Guns_Colabf4be36e405.jpg
918,/content/drive/My Drive/Colab Notebooks/Fin_Cap/FinCap_ImgScraping/Not_Guns_Colabf4fafa1ccb.jpg
919,/content/drive/My Drive/Colab Notebooks/Fin_Cap/FinCap_ImgScraping/Not_Guns_Colabf666352a7b.jpg
920,/content/drive/My Drive/Colab Notebooks/Fin_Cap/FinCap_ImgScraping/Not_Guns_Colabf68988d14f.jpg
921,/content/drive/My Drive/Colab Notebooks/Fin_Cap/FinCap_ImgScraping/Not_Guns_Colabf7087d9c0d.jpg
922,/content/drive/My Drive/Colab Notebooks/Fin_Cap/FinCap_ImgScraping/Not_Guns_Colabf71f43456e.jpg
923,/content/drive/My Drive/Colab Notebooks/Fin_Cap/FinCap_ImgScraping/Not_Guns_Colabf72093aa1e.jpg
924,/content/drive/My Drive/Colab Notebooks/Fin_Cap/FinCap_ImgScraping/Not_Guns_Colabf77a81c7be.jpg
925,/content/drive/My Drive/Colab Notebooks/Fin_Cap/FinCap_ImgScraping/Not_Guns_Colabf7954c4ea8.jpg
926,/content/drive/My Drive/Colab Notebooks/Fin_Cap/FinCap_ImgScraping/Not_Guns_Colabf7a7f4df31.jpg
927,/content/drive/My Drive/Colab Notebooks/Fin_Cap/FinCap_ImgScraping/Not_Guns_Colabf7fa236026.jpg
928,/content/drive/My Drive/Colab Notebooks/Fin_Cap/FinCap_ImgScraping/Not_Guns_Colabf8749a43b5.jpg
929,/content/drive/My Drive/Colab Notebooks/Fin_Cap/FinCap_ImgScraping/Not_Guns_Colabf88c203000.jpg
930,/content/drive/My Drive/Colab Notebooks/Fin_Cap/FinCap_ImgScraping/Not_Guns_Colabf891968765.jpg
931,/content/drive/My Drive/Colab Notebooks/Fin_Cap/FinCap_ImgScraping/Not_Guns_Colabf90d79adbf.jpg
932,/content/drive/My Drive/Colab Notebooks/Fin_Cap/FinCap_ImgScraping/Not_Guns_Colabf91c35e848.jpg
933,/content/drive/My Drive/Colab Notebooks/Fin_Cap/FinCap_ImgScraping/Not_Guns_Colabf9e3d29abd.jpg
934,/content/drive/My Drive/Colab Notebooks/Fin_Cap/FinCap_ImgScraping/Not_Guns_Colabf9fd7914fb.jpg
935,/content/drive/My Drive/Colab Notebooks/Fin_Cap/FinCap_ImgScraping/Not_Guns_Colabfab6cba4d4.jpg
936,/content/drive/My Drive/Colab Notebooks/Fin_Cap/FinCap_ImgScraping/Not_Guns_Colabfad97e2b24.jpg
937,/content/drive/My Drive/Colab Notebooks/Fin_Cap/FinCap_ImgScraping/Not_Guns_Colabfb09174aab.jpg
938,/content/drive/My Drive/Colab Notebooks/Fin_Cap/FinCap_ImgScraping/Not_Guns_Colabfbfee42494.jpg
939,/content/drive/My Drive/Colab Notebooks/Fin_Cap/FinCap_ImgScraping/Not_Guns_Colabfc1a5e5795.jpg
940,/content/drive/My Drive/Colab Notebooks/Fin_Cap/FinCap_ImgScraping/Not_Guns_Colabfc57295b2c.jpg
941,/content/drive/My Drive/Colab Notebooks/Fin_Cap/FinCap_ImgScraping/Not_Guns_Colabfd1f4fc4dc.jpg
942,/content/drive/My Drive/Colab Notebooks/Fin_Cap/FinCap_ImgScraping/Not_Guns_Colabfe13180cc2.jpg
943,/content/drive/My Drive/Colab Notebooks/Fin_Cap/FinCap_ImgScraping/Not_Guns_Colabfe16d86f7a.jpg
944,/content/drive/My Drive/Colab Notebooks/Fin_Cap/FinCap_ImgScraping/Not_Guns_Colabfe8f264551.jpg
945,/content/drive/My Drive/Colab Notebooks/Fin_Cap/FinCap_ImgScraping/Not_Guns_Colabfea898c7c2.jpg
946,/content/drive/My Drive/Colab Notebooks/Fin_Cap/FinCap_ImgScraping/Not_Guns_Colabfed35d5e62.jpg
947,/content/drive/My Drive/Colab Notebooks/Fin_Cap/FinCap_ImgScraping/Not_Guns_Colabfef3c75daa.jpg
948,/content/drive/My Drive/Colab Notebooks/Fin_Cap/FinCap_ImgScraping/Not_Guns_Colabff6621bcfa.jpg
